produkt_id,produkt,wariant_id,pozycja,szerokosc_od_mm,szerokosc_do_mm,wysokosc_od_mm,wysokosc_do_mm,minimalna_glebokosc_mm,wykonczenie,cena_brutto_pln,zrodlo_selly
6350,Roleta meblowa pionowa na wymiar zawijana na górze szafki z systemem C3 - DOCINAMY NA WYMIAR,647,1,350,410,626,830,300,Aluminium decor,958,https://www.intago.com.pl/adm/?a=produkty.produktWarianty&produkt=6350
6350,Roleta meblowa pionowa na wymiar zawijana na górze szafki z systemem C3 - DOCINAMY NA WYMIAR,648,2,350,410,626,830,300,Biały RAL 9010,958,https://www.intago.com.pl/adm/?a=produkty.produktWarianty&produkt=6350
6350,Roleta meblowa pionowa na wymiar zawijana na górze szafki z systemem C3 - DOCINAMY NA WYMIAR,649,3,350,410,831,1050,300,Aluminium decor,992,https://www.intago.com.pl/adm/?a=produkty.produktWarianty&produkt=6350
6350,Roleta meblowa pionowa na wymiar zawijana na górze szafki z systemem C3 - DOCINAMY NA WYMIAR,650,4,350,410,831,1050,300,Biały RAL 9010,992,https://www.intago.com.pl/adm/?a=produkty.produktWarianty&produkt=6350
6350,Roleta meblowa pionowa na wymiar zawijana na górze szafki z systemem C3 - DOCINAMY NA WYMIAR,651,5,350,410,1051,1240,300,Aluminium decor,1037,https://www.intago.com.pl/adm/?a=produkty.produktWarianty&produkt=6350
6350,Roleta meblowa pionowa na wymiar zawijana na górze szafki z systemem C3 - DOCINAMY NA WYMIAR,652,6,350,410,1051,1240,300,Biały RAL 9010,10037,https://www.intago.com.pl/adm/?a=produkty.produktWarianty&produkt=6350
6350,Roleta meblowa pionowa na wymiar zawijana na górze szafki z systemem C3 - DOCINAMY NA WYMIAR,653,7,350,410,1241,1400,300,Aluminium decor,1105,https://www.intago.com.pl/adm/?a=produkty.produktWarianty&produkt=6350
6350,Roleta meblowa pionowa na wymiar zawijana na górze szafki z systemem C3 - DOCINAMY NA WYMIAR,654,8,350,410,1241,1400,300,Biały RAL 9010,1105,https://www.intago.com.pl/adm/?a=produkty.produktWarianty&produkt=6350
6350,Roleta meblowa pionowa na wymiar zawijana na górze szafki z systemem C3 - DOCINAMY NA WYMIAR,655,9,350,410,1401,1600,300,Aluminium decor,1150,https://www.intago.com.pl/adm/?a=produkty.produktWarianty&produkt=6350
6350,Roleta meblowa pionowa na wymiar zawijana na górze szafki z systemem C3 - DOCINAMY NA WYMIAR,656,10,350,410,1401,1600,300,Biały RAL 9010,1150,https://www.intago.com.pl/adm/?a=produkty.produktWarianty&produkt=6350
6350,Roleta meblowa pionowa na wymiar zawijana na górze szafki z systemem C3 - DOCINAMY NA WYMIAR,657,11,350,410,1601,1800,300,Aluminium decor,1167,https://www.intago.com.pl/adm/?a=produkty.produktWarianty&produkt=6350
6350,Roleta meblowa pionowa na wymiar zawijana na górze szafki z systemem C3 - DOCINAMY NA WYMIAR,658,12,350,410,1601,1800,300,Biały RAL 9010,1167,https://www.intago.com.pl/adm/?a=produkty.produktWarianty&produkt=6350
6350,Roleta meblowa pionowa na wymiar zawijana na górze szafki z systemem C3 - DOCINAMY NA WYMIAR,659,13,350,410,1801,2000,300,Aluminium decor,1207,https://www.intago.com.pl/adm/?a=produkty.produktWarianty&produkt=6350
6350,Roleta meblowa pionowa na wymiar zawijana na górze szafki z systemem C3 - DOCINAMY NA WYMIAR,660,14,350,410,1801,2000,300,Biały RAL 9010,1207,https://www.intago.com.pl/adm/?a=produkty.produktWarianty&produkt=6350
6350,Roleta meblowa pionowa na wymiar zawijana na górze szafki z systemem C3 - DOCINAMY NA WYMIAR,661,15,350,410,350,625,300,Aluminium decor,911,https://www.intago.com.pl/adm/?a=produkty.produktWarianty&produkt=6350
6350,Roleta meblowa pionowa na wymiar zawijana na górze szafki z systemem C3 - DOCINAMY NA WYMIAR,662,16,350,410,350,625,300,Biały RAL 9010,911,https://www.intago.com.pl/adm/?a=produkty.produktWarianty&produkt=6350
6350,Roleta meblowa pionowa na wymiar zawijana na górze szafki z systemem C3 - DOCINAMY NA WYMIAR,663,17,411,495,626,830,300,Aluminium decor,1003,https://www.intago.com.pl/adm/?a=produkty.produktWarianty&produkt=6350
6350,Roleta meblowa pionowa na wymiar zawijana na górze szafki z systemem C3 - DOCINAMY NA WYMIAR,664,18,411,495,626,830,300,Biały RAL 9010,1003,https://www.intago.com.pl/adm/?a=produkty.produktWarianty&produkt=6350
6350,Roleta meblowa pionowa na wymiar zawijana na górze szafki z systemem C3 - DOCINAMY NA WYMIAR,665,19,411,495,831,1050,300,Aluminium decor,1048,https://www.intago.com.pl/adm/?a=produkty.produktWarianty&produkt=6350
6350,Roleta meblowa pionowa na wymiar zawijana na górze szafki z systemem C3 - DOCINAMY NA WYMIAR,666,20,411,495,831,1050,300,Biały RAL 9010,1048,https://www.intago.com.pl/adm/?a=produkty.produktWarianty&produkt=6350
6350,Roleta meblowa pionowa na wymiar zawijana na górze szafki z systemem C3 - DOCINAMY NA WYMIAR,667,21,411,495,1051,1240,300,Aluminium decor,1099,https://www.intago.com.pl/adm/?a=produkty.produktWarianty&produkt=6350
6350,Roleta meblowa pionowa na wymiar zawijana na górze szafki z systemem C3 - DOCINAMY NA WYMIAR,668,22,411,495,1051,1240,300,Biały RAL 9010,1099,https://www.intago.com.pl/adm/?a=produkty.produktWarianty&produkt=6350
6350,Roleta meblowa pionowa na wymiar zawijana na górze szafki z systemem C3 - DOCINAMY NA WYMIAR,669,23,411,495,1241,1400,300,Aluminium decor,1173,https://www.intago.com.pl/adm/?a=produkty.produktWarianty&produkt=6350
6350,Roleta meblowa pionowa na wymiar zawijana na górze szafki z systemem C3 - DOCINAMY NA WYMIAR,670,24,411,495,1241,1400,300,Biały RAL 9010,1173,https://www.intago.com.pl/adm/?a=produkty.produktWarianty&produkt=6350
6350,Roleta meblowa pionowa na wymiar zawijana na górze szafki z systemem C3 - DOCINAMY NA WYMIAR,671,25,411,495,1401,1600,300,Aluminium decor,1230,https://www.intago.com.pl/adm/?a=produkty.produktWarianty&produkt=6350
6350,Roleta meblowa pionowa na wymiar zawijana na górze szafki z systemem C3 - DOCINAMY NA WYMIAR,672,26,411,495,1401,1600,300,Biały RAL 9010,1230,https://www.intago.com.pl/adm/?a=produkty.produktWarianty&produkt=6350
6350,Roleta meblowa pionowa na wymiar zawijana na górze szafki z systemem C3 - DOCINAMY NA WYMIAR,673,27,411,495,1601,1800,300,Aluminium decor,1246,https://www.intago.com.pl/adm/?a=produkty.produktWarianty&produkt=6350
6350,Roleta meblowa pionowa na wymiar zawijana na górze szafki z systemem C3 - DOCINAMY NA WYMIAR,674,28,411,495,1601,1800,300,Biały RAL 9010,1246,https://www.intago.com.pl/adm/?a=produkty.produktWarianty&produkt=6350
6350,Roleta meblowa pionowa na wymiar zawijana na górze szafki z systemem C3 - DOCINAMY NA WYMIAR,675,29,411,495,1801,2000,300,Aluminium decor,1292,https://www.intago.com.pl/adm/?a=produkty.produktWarianty&produkt=6350
6350,Roleta meblowa pionowa na wymiar zawijana na górze szafki z systemem C3 - DOCINAMY NA WYMIAR,676,30,411,495,1801,2000,300,Biały RAL 9010,1292,https://www.intago.com.pl/adm/?a=produkty.produktWarianty&produkt=6350
6350,Roleta meblowa pionowa na wymiar zawijana na górze szafki z systemem C3 - DOCINAMY NA WYMIAR,677,31,411,495,350,625,300,Aluminium decor,952,https://www.intago.com.pl/adm/?a=produkty.produktWarianty&produkt=6350
6350,Roleta meblowa pionowa na wymiar zawijana na górze szafki z systemem C3 - DOCINAMY NA WYMIAR,678,32,411,495,350,625,300,Biały RAL 9010,952,https://www.intago.com.pl/adm/?a=produkty.produktWarianty&produkt=6350
6350,Roleta meblowa pionowa na wymiar zawijana na górze szafki z systemem C3 - DOCINAMY NA WYMIAR,687,33,496,620,626,830,300,Aluminium decor,1099,https://www.intago.com.pl/adm/?a=produkty.produktWarianty&produkt=6350
6350,Roleta meblowa pionowa na wymiar zawijana na górze szafki z systemem C3 - DOCINAMY NA WYMIAR,688,34,496,620,626,830,300,Biały RAL 9010,1099,https://www.intago.com.pl/adm/?a=produkty.produktWarianty&produkt=6350
6350,Roleta meblowa pionowa na wymiar zawijana na górze szafki z systemem C3 - DOCINAMY NA WYMIAR,689,35,496,620,831,1050,300,Aluminium decor,1150,https://www.intago.com.pl/adm/?a=produkty.produktWarianty&produkt=6350
6350,Roleta meblowa pionowa na wymiar zawijana na górze szafki z systemem C3 - DOCINAMY NA WYMIAR,690,36,496,620,831,1050,300,Biały RAL 9010,1150,https://www.intago.com.pl/adm/?a=produkty.produktWarianty&produkt=6350
6350,Roleta meblowa pionowa na wymiar zawijana na górze szafki z systemem C3 - DOCINAMY NA WYMIAR,691,37,496,620,1051,1240,300,Aluminium decor,1212,https://www.intago.com.pl/adm/?a=produkty.produktWarianty&produkt=6350
6350,Roleta meblowa pionowa na wymiar zawijana na górze szafki z systemem C3 - DOCINAMY NA WYMIAR,692,38,496,620,1051,1240,300,Biały RAL 9010,1212,https://www.intago.com.pl/adm/?a=produkty.produktWarianty&produkt=6350
6350,Roleta meblowa pionowa na wymiar zawijana na górze szafki z systemem C3 - DOCINAMY NA WYMIAR,693,39,496,620,1241,1400,300,Aluminium decor,1303,https://www.intago.com.pl/adm/?a=produkty.produktWarianty&produkt=6350
6350,Roleta meblowa pionowa na wymiar zawijana na górze szafki z systemem C3 - DOCINAMY NA WYMIAR,694,40,496,620,1241,1400,300,Biały RAL 9010,1303,https://www.intago.com.pl/adm/?a=produkty.produktWarianty&produkt=6350
6350,Roleta meblowa pionowa na wymiar zawijana na górze szafki z systemem C3 - DOCINAMY NA WYMIAR,695,41,496,620,1401,1600,300,Aluminium decor,1370,https://www.intago.com.pl/adm/?a=produkty.produktWarianty&produkt=6350
6350,Roleta meblowa pionowa na wymiar zawijana na górze szafki z systemem C3 - DOCINAMY NA WYMIAR,696,42,496,620,1401,1600,300,Biały RAL 9010,1370,https://www.intago.com.pl/adm/?a=produkty.produktWarianty&produkt=6350
6350,Roleta meblowa pionowa na wymiar zawijana na górze szafki z systemem C3 - DOCINAMY NA WYMIAR,697,43,496,620,1601,1800,300,Aluminium decor,1388,https://www.intago.com.pl/adm/?a=produkty.produktWarianty&produkt=6350
6350,Roleta meblowa pionowa na wymiar zawijana na górze szafki z systemem C3 - DOCINAMY NA WYMIAR,698,44,496,620,1601,1800,300,Biały RAL 9010,1388,https://www.intago.com.pl/adm/?a=produkty.produktWarianty&produkt=6350
6350,Roleta meblowa pionowa na wymiar zawijana na górze szafki z systemem C3 - DOCINAMY NA WYMIAR,699,45,496,620,1801,2000,300,Aluminium decor,1450,https://www.intago.com.pl/adm/?a=produkty.produktWarianty&produkt=6350
6350,Roleta meblowa pionowa na wymiar zawijana na górze szafki z systemem C3 - DOCINAMY NA WYMIAR,700,46,496,620,1801,2000,300,Biały RAL 9010,1450,https://www.intago.com.pl/adm/?a=produkty.produktWarianty&produkt=6350
6350,Roleta meblowa pionowa na wymiar zawijana na górze szafki z systemem C3 - DOCINAMY NA WYMIAR,701,47,496,620,350,625,300,Aluminium decor,1030,https://www.intago.com.pl/adm/?a=produkty.produktWarianty&produkt=6350
6350,Roleta meblowa pionowa na wymiar zawijana na górze szafki z systemem C3 - DOCINAMY NA WYMIAR,702,48,496,620,350,625,300,Biały RAL 9010,1030,https://www.intago.com.pl/adm/?a=produkty.produktWarianty&produkt=6350
6350,Roleta meblowa pionowa na wymiar zawijana na górze szafki z systemem C3 - DOCINAMY NA WYMIAR,703,49,621,825,626,830,300,Aluminium decor,1229,https://www.intago.com.pl/adm/?a=produkty.produktWarianty&produkt=6350
6350,Roleta meblowa pionowa na wymiar zawijana na górze szafki z systemem C3 - DOCINAMY NA WYMIAR,704,50,621,825,626,830,300,Biały RAL 9010,1229,https://www.intago.com.pl/adm/?a=produkty.produktWarianty&produkt=6350
6350,Roleta meblowa pionowa na wymiar zawijana na górze szafki z systemem C3 - DOCINAMY NA WYMIAR,705,51,621,825,831,1050,300,Aluminium decor,1303,https://www.intago.com.pl/adm/?a=produkty.produktWarianty&produkt=6350
6350,Roleta meblowa pionowa na wymiar zawijana na górze szafki z systemem C3 - DOCINAMY NA WYMIAR,706,52,621,825,831,1050,300,Biały RAL 9010,1303,https://www.intago.com.pl/adm/?a=produkty.produktWarianty&produkt=6350
6350,Roleta meblowa pionowa na wymiar zawijana na górze szafki z systemem C3 - DOCINAMY NA WYMIAR,707,53,621,825,1051,1240,300,Aluminium decor,1377,https://www.intago.com.pl/adm/?a=produkty.produktWarianty&produkt=6350
6350,Roleta meblowa pionowa na wymiar zawijana na górze szafki z systemem C3 - DOCINAMY NA WYMIAR,708,54,621,825,1051,1240,300,Biały RAL 9010,1377,https://www.intago.com.pl/adm/?a=produkty.produktWarianty&produkt=6350
6350,Roleta meblowa pionowa na wymiar zawijana na górze szafki z systemem C3 - DOCINAMY NA WYMIAR,709,55,621,825,1241,1400,300,Aluminium decor,1484,https://www.intago.com.pl/adm/?a=produkty.produktWarianty&produkt=6350
6350,Roleta meblowa pionowa na wymiar zawijana na górze szafki z systemem C3 - DOCINAMY NA WYMIAR,710,56,621,825,1241,1400,300,Biały RAL 9010,1484,https://www.intago.com.pl/adm/?a=produkty.produktWarianty&produkt=6350
6350,Roleta meblowa pionowa na wymiar zawijana na górze szafki z systemem C3 - DOCINAMY NA WYMIAR,711,57,621,825,1401,1600,300,Aluminium decor,1569,https://www.intago.com.pl/adm/?a=produkty.produktWarianty&produkt=6350
6350,Roleta meblowa pionowa na wymiar zawijana na górze szafki z systemem C3 - DOCINAMY NA WYMIAR,712,58,621,825,1401,1600,300,Biały RAL 9010,1569,https://www.intago.com.pl/adm/?a=produkty.produktWarianty&produkt=6350
6350,Roleta meblowa pionowa na wymiar zawijana na górze szafki z systemem C3 - DOCINAMY NA WYMIAR,713,59,621,825,1601,1800,300,Aluminium decor,1603,https://www.intago.com.pl/adm/?a=produkty.produktWarianty&produkt=6350
6350,Roleta meblowa pionowa na wymiar zawijana na górze szafki z systemem C3 - DOCINAMY NA WYMIAR,714,60,621,825,1601,1800,300,Biały RAL 9010,1603,https://www.intago.com.pl/adm/?a=produkty.produktWarianty&produkt=6350
6350,Roleta meblowa pionowa na wymiar zawijana na górze szafki z systemem C3 - DOCINAMY NA WYMIAR,715,61,621,825,1801,2000,300,Aluminium decor,1677,https://www.intago.com.pl/adm/?a=produkty.produktWarianty&produkt=6350
6350,Roleta meblowa pionowa na wymiar zawijana na górze szafki z systemem C3 - DOCINAMY NA WYMIAR,716,62,621,825,1801,2000,300,Biały RAL 9010,1677,https://www.intago.com.pl/adm/?a=produkty.produktWarianty&produkt=6350
6350,Roleta meblowa pionowa na wymiar zawijana na górze szafki z systemem C3 - DOCINAMY NA WYMIAR,717,63,621,825,2001,2200,300,Aluminium decor,1756,https://www.intago.com.pl/adm/?a=produkty.produktWarianty&produkt=6350
6350,Roleta meblowa pionowa na wymiar zawijana na górze szafki z systemem C3 - DOCINAMY NA WYMIAR,718,64,621,825,2001,2200,300,Biały RAL 9010,1756,https://www.intago.com.pl/adm/?a=produkty.produktWarianty&produkt=6350
6350,Roleta meblowa pionowa na wymiar zawijana na górze szafki z systemem C3 - DOCINAMY NA WYMIAR,719,65,621,825,350,625,300,Aluminium decor,1144,https://www.intago.com.pl/adm/?a=produkty.produktWarianty&produkt=6350
6350,Roleta meblowa pionowa na wymiar zawijana na górze szafki z systemem C3 - DOCINAMY NA WYMIAR,720,66,621,825,350,625,300,Biały RAL 9010,1144,https://www.intago.com.pl/adm/?a=produkty.produktWarianty&produkt=6350
6350,Roleta meblowa pionowa na wymiar zawijana na górze szafki z systemem C3 - DOCINAMY NA WYMIAR,721,67,826,1200,626,830,300,Aluminium decor,1416,https://www.intago.com.pl/adm/?a=produkty.produktWarianty&produkt=6350
6350,Roleta meblowa pionowa na wymiar zawijana na górze szafki z systemem C3 - DOCINAMY NA WYMIAR,722,68,826,1200,626,830,300,Biały RAL 9010,1416,https://www.intago.com.pl/adm/?a=produkty.produktWarianty&produkt=6350
6350,Roleta meblowa pionowa na wymiar zawijana na górze szafki z systemem C3 - DOCINAMY NA WYMIAR,723,69,826,1200,831,1050,300,Aluminium decor,1520,https://www.intago.com.pl/adm/?a=produkty.produktWarianty&produkt=6350
6350,Roleta meblowa pionowa na wymiar zawijana na górze szafki z systemem C3 - DOCINAMY NA WYMIAR,724,70,826,1200,831,1050,300,Biały RAL 9010,1520,https://www.intago.com.pl/adm/?a=produkty.produktWarianty&produkt=6350
6350,Roleta meblowa pionowa na wymiar zawijana na górze szafki z systemem C3 - DOCINAMY NA WYMIAR,725,71,826,1200,1051,1240,300,Aluminium decor,1632,https://www.intago.com.pl/adm/?a=produkty.produktWarianty&produkt=6350
6350,Roleta meblowa pionowa na wymiar zawijana na górze szafki z systemem C3 - DOCINAMY NA WYMIAR,726,72,826,1200,1051,1240,300,Biały RAL 9010,1632,https://www.intago.com.pl/adm/?a=produkty.produktWarianty&produkt=6350
6350,Roleta meblowa pionowa na wymiar zawijana na górze szafki z systemem C3 - DOCINAMY NA WYMIAR,727,73,826,1200,1241,1400,300,Aluminium decor,1767,https://www.intago.com.pl/adm/?a=produkty.produktWarianty&produkt=6350
6350,Roleta meblowa pionowa na wymiar zawijana na górze szafki z systemem C3 - DOCINAMY NA WYMIAR,728,74,826,1200,1241,1400,300,Biały RAL 9010,1767,https://www.intago.com.pl/adm/?a=produkty.produktWarianty&produkt=6350
6350,Roleta meblowa pionowa na wymiar zawijana na górze szafki z systemem C3 - DOCINAMY NA WYMIAR,729,75,826,1200,1401,1600,300,Aluminium decor,1899,https://www.intago.com.pl/adm/?a=produkty.produktWarianty&produkt=6350
6350,Roleta meblowa pionowa na wymiar zawijana na górze szafki z systemem C3 - DOCINAMY NA WYMIAR,730,76,826,1200,1401,1600,300,Biały RAL 9010,1899,https://www.intago.com.pl/adm/?a=produkty.produktWarianty&produkt=6350
6350,Roleta meblowa pionowa na wymiar zawijana na górze szafki z systemem C3 - DOCINAMY NA WYMIAR,731,77,826,1200,1601,1800,300,Aluminium decor,1937,https://www.intago.com.pl/adm/?a=produkty.produktWarianty&produkt=6350
6350,Roleta meblowa pionowa na wymiar zawijana na górze szafki z systemem C3 - DOCINAMY NA WYMIAR,732,78,826,1200,1601,1800,300,Biały RAL 9010,1937,https://www.intago.com.pl/adm/?a=produkty.produktWarianty&produkt=6350
6350,Roleta meblowa pionowa na wymiar zawijana na górze szafki z systemem C3 - DOCINAMY NA WYMIAR,733,79,826,1200,1801,2000,300,Aluminium decor,2050,https://www.intago.com.pl/adm/?a=produkty.produktWarianty&produkt=6350
6350,Roleta meblowa pionowa na wymiar zawijana na górze szafki z systemem C3 - DOCINAMY NA WYMIAR,734,80,826,1200,1801,2000,300,Biały RAL 9010,2050,https://www.intago.com.pl/adm/?a=produkty.produktWarianty&produkt=6350
6350,Roleta meblowa pionowa na wymiar zawijana na górze szafki z systemem C3 - DOCINAMY NA WYMIAR,735,81,826,1200,2001,2200,300,Aluminium decor,2163,https://www.intago.com.pl/adm/?a=produkty.produktWarianty&produkt=6350
6350,Roleta meblowa pionowa na wymiar zawijana na górze szafki z systemem C3 - DOCINAMY NA WYMIAR,736,82,826,1200,2001,2200,300,Biały RAL 9010,2163,https://www.intago.com.pl/adm/?a=produkty.produktWarianty&produkt=6350
6350,Roleta meblowa pionowa na wymiar zawijana na górze szafki z systemem C3 - DOCINAMY NA WYMIAR,737,83,826,1200,350,625,300,Aluminium decor,1303,https://www.intago.com.pl/adm/?a=produkty.produktWarianty&produkt=6350
6350,Roleta meblowa pionowa na wymiar zawijana na górze szafki z systemem C3 - DOCINAMY NA WYMIAR,738,84,826,1200,350,625,300,Biały RAL 9010,1303,https://www.intago.com.pl/adm/?a=produkty.produktWarianty&produkt=6350
6346,Roleta meblowa pionowa na wymiar zawijana na tył szafki z systemem wspomagającym C6 - DOCINAMY NA WYMIAR,575,1,100,349,300,420,,Aluminium decor,328,https://www.intago.com.pl/adm/?a=produkty.produktWarianty&produkt=6346
6346,Roleta meblowa pionowa na wymiar zawijana na tył szafki z systemem wspomagającym C6 - DOCINAMY NA WYMIAR,576,2,100,349,300,420,,Biały RAL 9010,328,https://www.intago.com.pl/adm/?a=produkty.produktWarianty&produkt=6346
6346,Roleta meblowa pionowa na wymiar zawijana na tył szafki z systemem wspomagającym C6 - DOCINAMY NA WYMIAR,577,3,100,349,421,500,,Aluminium decor,351,https://www.intago.com.pl/adm/?a=produkty.produktWarianty&produkt=6346
6346,Roleta meblowa pionowa na wymiar zawijana na tył szafki z systemem wspomagającym C6 - DOCINAMY NA WYMIAR,578,4,100,349,421,500,,Biały RAL 9010,351,https://www.intago.com.pl/adm/?a=produkty.produktWarianty&produkt=6346
6346,Roleta meblowa pionowa na wymiar zawijana na tył szafki z systemem wspomagającym C6 - DOCINAMY NA WYMIAR,579,5,100,349,501,625,,Aluminium decor,374,https://www.intago.com.pl/adm/?a=produkty.produktWarianty&produkt=6346
6346,Roleta meblowa pionowa na wymiar zawijana na tył szafki z systemem wspomagającym C6 - DOCINAMY NA WYMIAR,580,6,100,349,501,625,,Biały RAL 9010,374,https://www.intago.com.pl/adm/?a=produkty.produktWarianty&produkt=6346
6346,Roleta meblowa pionowa na wymiar zawijana na tył szafki z systemem wspomagającym C6 - DOCINAMY NA WYMIAR,581,7,100,349,626,830,,Aluminium decor,425,https://www.intago.com.pl/adm/?a=produkty.produktWarianty&produkt=6346
6346,Roleta meblowa pionowa na wymiar zawijana na tył szafki z systemem wspomagającym C6 - DOCINAMY NA WYMIAR,582,8,100,349,626,830,,Biały RAL 9010,425,https://www.intago.com.pl/adm/?a=produkty.produktWarianty&produkt=6346
6346,Roleta meblowa pionowa na wymiar zawijana na tył szafki z systemem wspomagającym C6 - DOCINAMY NA WYMIAR,583,9,100,349,831,1050,,Aluminium decor,482,https://www.intago.com.pl/adm/?a=produkty.produktWarianty&produkt=6346
6346,Roleta meblowa pionowa na wymiar zawijana na tył szafki z systemem wspomagającym C6 - DOCINAMY NA WYMIAR,584,10,100,349,831,1050,,Biały RAL 9010,482,https://www.intago.com.pl/adm/?a=produkty.produktWarianty&produkt=6346
6346,Roleta meblowa pionowa na wymiar zawijana na tył szafki z systemem wspomagającym C6 - DOCINAMY NA WYMIAR,585,11,350,410,300,420,,Aluminium decor,352,https://www.intago.com.pl/adm/?a=produkty.produktWarianty&produkt=6346
6346,Roleta meblowa pionowa na wymiar zawijana na tył szafki z systemem wspomagającym C6 - DOCINAMY NA WYMIAR,586,12,350,410,300,420,,Biały RAL 9010,352,https://www.intago.com.pl/adm/?a=produkty.produktWarianty&produkt=6346
6346,Roleta meblowa pionowa na wymiar zawijana na tył szafki z systemem wspomagającym C6 - DOCINAMY NA WYMIAR,587,13,350,410,421,500,,Aluminium decor,408,https://www.intago.com.pl/adm/?a=produkty.produktWarianty&produkt=6346
6346,Roleta meblowa pionowa na wymiar zawijana na tył szafki z systemem wspomagającym C6 - DOCINAMY NA WYMIAR,588,14,350,410,421,500,,Biały RAL 9010,408,https://www.intago.com.pl/adm/?a=produkty.produktWarianty&produkt=6346
6346,Roleta meblowa pionowa na wymiar zawijana na tył szafki z systemem wspomagającym C6 - DOCINAMY NA WYMIAR,589,15,350,410,501,625,,Aluminium decor,408,https://www.intago.com.pl/adm/?a=produkty.produktWarianty&produkt=6346
6346,Roleta meblowa pionowa na wymiar zawijana na tył szafki z systemem wspomagającym C6 - DOCINAMY NA WYMIAR,590,16,350,410,501,625,,Biały RAL 9010,408,https://www.intago.com.pl/adm/?a=produkty.produktWarianty&produkt=6346
6346,Roleta meblowa pionowa na wymiar zawijana na tył szafki z systemem wspomagającym C6 - DOCINAMY NA WYMIAR,591,17,350,410,626,830,,Aluminium decor,459,https://www.intago.com.pl/adm/?a=produkty.produktWarianty&produkt=6346
6346,Roleta meblowa pionowa na wymiar zawijana na tył szafki z systemem wspomagającym C6 - DOCINAMY NA WYMIAR,592,18,350,410,626,830,,Biały RAL 9010,459,https://www.intago.com.pl/adm/?a=produkty.produktWarianty&produkt=6346
6346,Roleta meblowa pionowa na wymiar zawijana na tył szafki z systemem wspomagającym C6 - DOCINAMY NA WYMIAR,593,19,350,410,831,1050,,Aluminium decor,522,https://www.intago.com.pl/adm/?a=produkty.produktWarianty&produkt=6346
6346,Roleta meblowa pionowa na wymiar zawijana na tył szafki z systemem wspomagającym C6 - DOCINAMY NA WYMIAR,594,20,350,410,831,1050,,Biały RAL 9010,522,https://www.intago.com.pl/adm/?a=produkty.produktWarianty&produkt=6346
6346,Roleta meblowa pionowa na wymiar zawijana na tył szafki z systemem wspomagającym C6 - DOCINAMY NA WYMIAR,595,21,411,495,300,420,,Aluminium decor,385,https://www.intago.com.pl/adm/?a=produkty.produktWarianty&produkt=6346
6346,Roleta meblowa pionowa na wymiar zawijana na tył szafki z systemem wspomagającym C6 - DOCINAMY NA WYMIAR,596,22,411,495,300,420,,Biały RAL 9010,385,https://www.intago.com.pl/adm/?a=produkty.produktWarianty&produkt=6346
6346,Roleta meblowa pionowa na wymiar zawijana na tył szafki z systemem wspomagającym C6 - DOCINAMY NA WYMIAR,597,23,411,495,421,500,,Aluminium decor,413,https://www.intago.com.pl/adm/?a=produkty.produktWarianty&produkt=6346
6346,Roleta meblowa pionowa na wymiar zawijana na tył szafki z systemem wspomagającym C6 - DOCINAMY NA WYMIAR,598,24,411,495,421,500,,Biały RAL 9010,413,https://www.intago.com.pl/adm/?a=produkty.produktWarianty&produkt=6346
6346,Roleta meblowa pionowa na wymiar zawijana na tył szafki z systemem wspomagającym C6 - DOCINAMY NA WYMIAR,599,25,411,495,501,625,,Aluminium decor,442,https://www.intago.com.pl/adm/?a=produkty.produktWarianty&produkt=6346
6346,Roleta meblowa pionowa na wymiar zawijana na tył szafki z systemem wspomagającym C6 - DOCINAMY NA WYMIAR,600,26,411,495,501,625,,Biały RAL 9010,442,https://www.intago.com.pl/adm/?a=produkty.produktWarianty&produkt=6346
6346,Roleta meblowa pionowa na wymiar zawijana na tył szafki z systemem wspomagającym C6 - DOCINAMY NA WYMIAR,601,27,411,495,626,830,,Aluminium decor,510,https://www.intago.com.pl/adm/?a=produkty.produktWarianty&produkt=6346
6346,Roleta meblowa pionowa na wymiar zawijana na tył szafki z systemem wspomagającym C6 - DOCINAMY NA WYMIAR,602,28,411,495,626,830,,Biały RAL 9010,510,https://www.intago.com.pl/adm/?a=produkty.produktWarianty&produkt=6346
6346,Roleta meblowa pionowa na wymiar zawijana na tył szafki z systemem wspomagającym C6 - DOCINAMY NA WYMIAR,603,29,411,495,831,1050,,Aluminium decor,583,https://www.intago.com.pl/adm/?a=produkty.produktWarianty&produkt=6346
6346,Roleta meblowa pionowa na wymiar zawijana na tył szafki z systemem wspomagającym C6 - DOCINAMY NA WYMIAR,604,30,411,495,831,1050,,Biały RAL 9010,583,https://www.intago.com.pl/adm/?a=produkty.produktWarianty&produkt=6346
6346,Roleta meblowa pionowa na wymiar zawijana na tył szafki z systemem wspomagającym C6 - DOCINAMY NA WYMIAR,605,31,496,620,300,420,,Aluminium decor,430,https://www.intago.com.pl/adm/?a=produkty.produktWarianty&produkt=6346
6346,Roleta meblowa pionowa na wymiar zawijana na tył szafki z systemem wspomagającym C6 - DOCINAMY NA WYMIAR,606,32,496,620,300,420,,Biały RAL 9010,430,https://www.intago.com.pl/adm/?a=produkty.produktWarianty&produkt=6346
6346,Roleta meblowa pionowa na wymiar zawijana na tył szafki z systemem wspomagającym C6 - DOCINAMY NA WYMIAR,607,33,496,620,421,500,,Aluminium decor,465,https://www.intago.com.pl/adm/?a=produkty.produktWarianty&produkt=6346
6346,Roleta meblowa pionowa na wymiar zawijana na tył szafki z systemem wspomagającym C6 - DOCINAMY NA WYMIAR,608,34,496,620,421,500,,Biały RAL 9010,465,https://www.intago.com.pl/adm/?a=produkty.produktWarianty&produkt=6346
6346,Roleta meblowa pionowa na wymiar zawijana na tył szafki z systemem wspomagającym C6 - DOCINAMY NA WYMIAR,609,35,496,620,501,625,,Aluminium decor,505,https://www.intago.com.pl/adm/?a=produkty.produktWarianty&produkt=6346
6346,Roleta meblowa pionowa na wymiar zawijana na tył szafki z systemem wspomagającym C6 - DOCINAMY NA WYMIAR,610,36,496,620,501,625,,Biały RAL 9010,505,https://www.intago.com.pl/adm/?a=produkty.produktWarianty&produkt=6346
6346,Roleta meblowa pionowa na wymiar zawijana na tył szafki z systemem wspomagającym C6 - DOCINAMY NA WYMIAR,611,37,496,620,626,830,,Aluminium decor,578,https://www.intago.com.pl/adm/?a=produkty.produktWarianty&produkt=6346
6346,Roleta meblowa pionowa na wymiar zawijana na tył szafki z systemem wspomagającym C6 - DOCINAMY NA WYMIAR,612,38,496,620,626,830,,Biały RAL 9010,578,https://www.intago.com.pl/adm/?a=produkty.produktWarianty&produkt=6346
6346,Roleta meblowa pionowa na wymiar zawijana na tył szafki z systemem wspomagającym C6 - DOCINAMY NA WYMIAR,613,39,496,620,831,1050,,Aluminium decor,663,https://www.intago.com.pl/adm/?a=produkty.produktWarianty&produkt=6346
6346,Roleta meblowa pionowa na wymiar zawijana na tył szafki z systemem wspomagającym C6 - DOCINAMY NA WYMIAR,614,40,496,620,831,1050,,Biały RAL 9010,663,https://www.intago.com.pl/adm/?a=produkty.produktWarianty&produkt=6346
6346,Roleta meblowa pionowa na wymiar zawijana na tył szafki z systemem wspomagającym C6 - DOCINAMY NA WYMIAR,615,41,621,825,300,420,,Aluminium decor,505,https://www.intago.com.pl/adm/?a=produkty.produktWarianty&produkt=6346
6346,Roleta meblowa pionowa na wymiar zawijana na tył szafki z systemem wspomagającym C6 - DOCINAMY NA WYMIAR,616,42,621,825,300,420,,Biały RAL 9010,505,https://www.intago.com.pl/adm/?a=produkty.produktWarianty&produkt=6346
6346,Roleta meblowa pionowa na wymiar zawijana na tył szafki z systemem wspomagającym C6 - DOCINAMY NA WYMIAR,617,43,621,825,421,500,,Aluminium decor,550,https://www.intago.com.pl/adm/?a=produkty.produktWarianty&produkt=6346
6346,Roleta meblowa pionowa na wymiar zawijana na tył szafki z systemem wspomagającym C6 - DOCINAMY NA WYMIAR,618,44,621,825,421,500,,Biały RAL 9010,550,https://www.intago.com.pl/adm/?a=produkty.produktWarianty&produkt=6346
6346,Roleta meblowa pionowa na wymiar zawijana na tył szafki z systemem wspomagającym C6 - DOCINAMY NA WYMIAR,619,45,621,825,501,625,,Aluminium decor,595,https://www.intago.com.pl/adm/?a=produkty.produktWarianty&produkt=6346
6346,Roleta meblowa pionowa na wymiar zawijana na tył szafki z systemem wspomagającym C6 - DOCINAMY NA WYMIAR,620,46,621,825,501,625,,Biały RAL 9010,595,https://www.intago.com.pl/adm/?a=produkty.produktWarianty&produkt=6346
6346,Roleta meblowa pionowa na wymiar zawijana na tył szafki z systemem wspomagającym C6 - DOCINAMY NA WYMIAR,621,47,621,825,626,830,,Aluminium decor,691,https://www.intago.com.pl/adm/?a=produkty.produktWarianty&produkt=6346
6346,Roleta meblowa pionowa na wymiar zawijana na tył szafki z systemem wspomagającym C6 - DOCINAMY NA WYMIAR,622,48,621,825,626,830,,Biały RAL 9010,691,https://www.intago.com.pl/adm/?a=produkty.produktWarianty&produkt=6346
6346,Roleta meblowa pionowa na wymiar zawijana na tył szafki z systemem wspomagającym C6 - DOCINAMY NA WYMIAR,623,49,621,825,831,1050,,Aluminium decor,799,https://www.intago.com.pl/adm/?a=produkty.produktWarianty&produkt=6346
6346,Roleta meblowa pionowa na wymiar zawijana na tył szafki z systemem wspomagającym C6 - DOCINAMY NA WYMIAR,624,50,621,825,831,1050,,Biały RAL 9010,799,https://www.intago.com.pl/adm/?a=produkty.produktWarianty&produkt=6346
6346,Roleta meblowa pionowa na wymiar zawijana na tył szafki z systemem wspomagającym C6 - DOCINAMY NA WYMIAR,625,51,826,1200,300,420,,Aluminium decor,641,https://www.intago.com.pl/adm/?a=produkty.produktWarianty&produkt=6346
6346,Roleta meblowa pionowa na wymiar zawijana na tył szafki z systemem wspomagającym C6 - DOCINAMY NA WYMIAR,626,52,826,1200,300,420,,Biały RAL 9010,641,https://www.intago.com.pl/adm/?a=produkty.produktWarianty&produkt=6346
7716,Roleta meblowa pozioma na wymiar zawijana na tył szafki - DOCINAMY NA WYMIAR,981,1,1970,1550,1150,826,,Aluminium decor,1782,https://www.intago.com.pl/adm/?a=produkty.produktWarianty&produkt=7716
7716,Roleta meblowa pozioma na wymiar zawijana na tył szafki - DOCINAMY NA WYMIAR,982,2,1970,1550,1150,826,,Biały RAL 9010,1782,https://www.intago.com.pl/adm/?a=produkty.produktWarianty&produkt=7716
7716,Roleta meblowa pozioma na wymiar zawijana na tył szafki - DOCINAMY NA WYMIAR,983,3,1970,1550,825,621,,Aluminium decor,1585,https://www.intago.com.pl/adm/?a=produkty.produktWarianty&produkt=7716
7716,Roleta meblowa pozioma na wymiar zawijana na tył szafki - DOCINAMY NA WYMIAR,984,4,1970,1550,825,621,,Biały RAL 9010,1585,https://www.intago.com.pl/adm/?a=produkty.produktWarianty&produkt=7716
7716,Roleta meblowa pozioma na wymiar zawijana na tył szafki - DOCINAMY NA WYMIAR,985,5,1970,1550,620,496,,Aluminium decor,1219,https://www.intago.com.pl/adm/?a=produkty.produktWarianty&produkt=7716
7716,Roleta meblowa pozioma na wymiar zawijana na tył szafki - DOCINAMY NA WYMIAR,986,6,1970,1550,620,496,,Biały RAL 9010,1219,https://www.intago.com.pl/adm/?a=produkty.produktWarianty&produkt=7716
7716,Roleta meblowa pozioma na wymiar zawijana na tył szafki - DOCINAMY NA WYMIAR,987,7,1549,1250,1150,826,,Aluminium decor,1552,https://www.intago.com.pl/adm/?a=produkty.produktWarianty&produkt=7716
7716,Roleta meblowa pozioma na wymiar zawijana na tył szafki - DOCINAMY NA WYMIAR,988,8,1549,1250,1150,826,,Biały RAL 9010,1552,https://www.intago.com.pl/adm/?a=produkty.produktWarianty&produkt=7716
7716,Roleta meblowa pozioma na wymiar zawijana na tył szafki - DOCINAMY NA WYMIAR,989,9,1549,1250,825,621,,Aluminium decor,1224,https://www.intago.com.pl/adm/?a=produkty.produktWarianty&produkt=7716
7716,Roleta meblowa pozioma na wymiar zawijana na tył szafki - DOCINAMY NA WYMIAR,990,10,1549,1250,825,621,,Biały RAL 9010,1224,https://www.intago.com.pl/adm/?a=produkty.produktWarianty&produkt=7716
7716,Roleta meblowa pozioma na wymiar zawijana na tył szafki - DOCINAMY NA WYMIAR,991,11,1549,1250,620,496,,Aluminium decor,985,https://www.intago.com.pl/adm/?a=produkty.produktWarianty&produkt=7716
7716,Roleta meblowa pozioma na wymiar zawijana na tył szafki - DOCINAMY NA WYMIAR,992,12,1549,1250,620,496,,Biały RAL 9010,985,https://www.intago.com.pl/adm/?a=produkty.produktWarianty&produkt=7716
7716,Roleta meblowa pozioma na wymiar zawijana na tył szafki - DOCINAMY NA WYMIAR,993,13,1549,1250,495,150,,Aluminium decor,872,https://www.intago.com.pl/adm/?a=produkty.produktWarianty&produkt=7716
7716,Roleta meblowa pozioma na wymiar zawijana na tył szafki - DOCINAMY NA WYMIAR,994,14,1549,1250,495,150,,Biały RAL 9010,872,https://www.intago.com.pl/adm/?a=produkty.produktWarianty&produkt=7716
7716,Roleta meblowa pozioma na wymiar zawijana na tył szafki - DOCINAMY NA WYMIAR,995,15,1249,750,1150,826,,Aluminium decor,1155,https://www.intago.com.pl/adm/?a=produkty.produktWarianty&produkt=7716
7716,Roleta meblowa pozioma na wymiar zawijana na tył szafki - DOCINAMY NA WYMIAR,996,16,1249,750,1150,826,,Biały RAL 9010,1155,https://www.intago.com.pl/adm/?a=produkty.produktWarianty&produkt=7716
7716,Roleta meblowa pozioma na wymiar zawijana na tył szafki - DOCINAMY NA WYMIAR,997,17,1249,750,825,621,,Aluminium decor,929,https://www.intago.com.pl/adm/?a=produkty.produktWarianty&produkt=7716
7716,Roleta meblowa pozioma na wymiar zawijana na tył szafki - DOCINAMY NA WYMIAR,998,18,1249,750,825,621,,Biały RAL 9010,929,https://www.intago.com.pl/adm/?a=produkty.produktWarianty&produkt=7716
7716,Roleta meblowa pozioma na wymiar zawijana na tył szafki - DOCINAMY NA WYMIAR,999,19,1249,750,620,496,,Aluminium decor,770,https://www.intago.com.pl/adm/?a=produkty.produktWarianty&produkt=7716
7716,Roleta meblowa pozioma na wymiar zawijana na tył szafki - DOCINAMY NA WYMIAR,1000,20,1249,750,620,496,,Biały RAL 9010,770,https://www.intago.com.pl/adm/?a=produkty.produktWarianty&produkt=7716
7716,Roleta meblowa pozioma na wymiar zawijana na tył szafki - DOCINAMY NA WYMIAR,1001,21,1249,750,495,150,,Aluminium decor,635,https://www.intago.com.pl/adm/?a=produkty.produktWarianty&produkt=7716
7716,Roleta meblowa pozioma na wymiar zawijana na tył szafki - DOCINAMY NA WYMIAR,1002,22,1249,750,495,150,,Biały RAL 9010,635,https://www.intago.com.pl/adm/?a=produkty.produktWarianty&produkt=7716
7716,Roleta meblowa pozioma na wymiar zawijana na tył szafki - DOCINAMY NA WYMIAR,1003,23,749,560,1150,826,,Aluminium decor,782,https://www.intago.com.pl/adm/?a=produkty.produktWarianty&produkt=7716
7716,Roleta meblowa pozioma na wymiar zawijana na tył szafki - DOCINAMY NA WYMIAR,1004,24,749,560,1150,826,,Biały RAL 9010,782,https://www.intago.com.pl/adm/?a=produkty.produktWarianty&produkt=7716
7716,Roleta meblowa pozioma na wymiar zawijana na tył szafki - DOCINAMY NA WYMIAR,1005,25,749,560,825,621,,Aluminium decor,646,https://www.intago.com.pl/adm/?a=produkty.produktWarianty&produkt=7716
7716,Roleta meblowa pozioma na wymiar zawijana na tył szafki - DOCINAMY NA WYMIAR,1006,26,749,560,825,621,,Biały RAL 9010,646,https://www.intago.com.pl/adm/?a=produkty.produktWarianty&produkt=7716
7716,Roleta meblowa pozioma na wymiar zawijana na tył szafki - DOCINAMY NA WYMIAR,1007,27,749,560,620,496,,Aluminium decor,487,https://www.intago.com.pl/adm/?a=produkty.produktWarianty&produkt=7716
7716,Roleta meblowa pozioma na wymiar zawijana na tył szafki - DOCINAMY NA WYMIAR,1008,28,749,560,620,496,,Biały RAL 9010,487,https://www.intago.com.pl/adm/?a=produkty.produktWarianty&produkt=7716
7716,Roleta meblowa pozioma na wymiar zawijana na tył szafki - DOCINAMY NA WYMIAR,1009,29,749,560,495,150,,Aluminium decor,430,https://www.intago.com.pl/adm/?a=produkty.produktWarianty&produkt=7716
7716,Roleta meblowa pozioma na wymiar zawijana na tył szafki - DOCINAMY NA WYMIAR,1010,30,749,560,495,150,,Biały RAL 9010,430,https://www.intago.com.pl/adm/?a=produkty.produktWarianty&produkt=7716
9290,Roleta meblowa NOBLE MATT pionowa na wymiar zawijana na górze szafki z systemem C3 - DOCINAMY NA WYMIAR,1011,1,350,410,350,625,300,Boxcar Blonde V3610,1353,https://www.intago.com.pl/adm/?a=produkty.produktWarianty&produkt=9290
9290,Roleta meblowa NOBLE MATT pionowa na wymiar zawijana na górze szafki z systemem C3 - DOCINAMY NA WYMIAR,1012,2,350,410,350,625,300,Casa Blanca V3552,1353,https://www.intago.com.pl/adm/?a=produkty.produktWarianty&produkt=9290
9290,Roleta meblowa NOBLE MATT pionowa na wymiar zawijana na górze szafki z systemem C3 - DOCINAMY NA WYMIAR,1013,3,350,410,350,625,300,After Dark V3555,1353,https://www.intago.com.pl/adm/?a=produkty.produktWarianty&produkt=9290
9290,Roleta meblowa NOBLE MATT pionowa na wymiar zawijana na górze szafki z systemem C3 - DOCINAMY NA WYMIAR,1014,4,350,410,626,830,300,Boxcar Blonde V3610,1436,https://www.intago.com.pl/adm/?a=produkty.produktWarianty&produkt=9290
9290,Roleta meblowa NOBLE MATT pionowa na wymiar zawijana na górze szafki z systemem C3 - DOCINAMY NA WYMIAR,1015,5,350,410,626,830,300,Casa Blanca V3552,1436,https://www.intago.com.pl/adm/?a=produkty.produktWarianty&produkt=9290
9290,Roleta meblowa NOBLE MATT pionowa na wymiar zawijana na górze szafki z systemem C3 - DOCINAMY NA WYMIAR,1016,6,350,410,626,830,300,After Dark V3555,1436,https://www.intago.com.pl/adm/?a=produkty.produktWarianty&produkt=9290
9290,Roleta meblowa NOBLE MATT pionowa na wymiar zawijana na górze szafki z systemem C3 - DOCINAMY NA WYMIAR,1017,7,350,410,831,1050,300,Boxcar Blonde V3610,1471,https://www.intago.com.pl/adm/?a=produkty.produktWarianty&produkt=9290
9290,Roleta meblowa NOBLE MATT pionowa na wymiar zawijana na górze szafki z systemem C3 - DOCINAMY NA WYMIAR,1018,8,350,410,831,1050,300,Casa Blanca V3552,1471,https://www.intago.com.pl/adm/?a=produkty.produktWarianty&produkt=9290
9290,Roleta meblowa NOBLE MATT pionowa na wymiar zawijana na górze szafki z systemem C3 - DOCINAMY NA WYMIAR,1019,9,350,410,831,1050,300,After Dark V3555,1471,https://www.intago.com.pl/adm/?a=produkty.produktWarianty&produkt=9290
9290,Roleta meblowa NOBLE MATT pionowa na wymiar zawijana na górze szafki z systemem C3 - DOCINAMY NA WYMIAR,1020,10,350,410,1051,1240,300,Boxcar Blonde V3610,1701,https://www.intago.com.pl/adm/?a=produkty.produktWarianty&produkt=9290
9290,Roleta meblowa NOBLE MATT pionowa na wymiar zawijana na górze szafki z systemem C3 - DOCINAMY NA WYMIAR,1021,11,350,410,1051,1240,300,Casa Blanca V3552,1701,https://www.intago.com.pl/adm/?a=produkty.produktWarianty&produkt=9290
9290,Roleta meblowa NOBLE MATT pionowa na wymiar zawijana na górze szafki z systemem C3 - DOCINAMY NA WYMIAR,1022,12,350,410,1051,1240,300,After Dark V3555,1701,https://www.intago.com.pl/adm/?a=produkty.produktWarianty&produkt=9290
9290,Roleta meblowa NOBLE MATT pionowa na wymiar zawijana na górze szafki z systemem C3 - DOCINAMY NA WYMIAR,1023,13,350,410,1241,1400,300,Boxcar Blonde V3610,1736,https://www.intago.com.pl/adm/?a=produkty.produktWarianty&produkt=9290
9290,Roleta meblowa NOBLE MATT pionowa na wymiar zawijana na górze szafki z systemem C3 - DOCINAMY NA WYMIAR,1024,14,350,410,1241,1400,300,Casa Blanca V3552,1736,https://www.intago.com.pl/adm/?a=produkty.produktWarianty&produkt=9290
9290,Roleta meblowa NOBLE MATT pionowa na wymiar zawijana na górze szafki z systemem C3 - DOCINAMY NA WYMIAR,1025,15,350,410,1241,1400,300,After Dark V3555,1736,https://www.intago.com.pl/adm/?a=produkty.produktWarianty&produkt=9290
9290,Roleta meblowa NOBLE MATT pionowa na wymiar zawijana na górze szafki z systemem C3 - DOCINAMY NA WYMIAR,1026,16,350,410,1401,1600,300,Boxcar Blonde V3610,1805,https://www.intago.com.pl/adm/?a=produkty.produktWarianty&produkt=9290
9290,Roleta meblowa NOBLE MATT pionowa na wymiar zawijana na górze szafki z systemem C3 - DOCINAMY NA WYMIAR,1027,17,350,410,1401,1600,300,Casa Blanca V3552,1805,https://www.intago.com.pl/adm/?a=produkty.produktWarianty&produkt=9290
9290,Roleta meblowa NOBLE MATT pionowa na wymiar zawijana na górze szafki z systemem C3 - DOCINAMY NA WYMIAR,1028,18,350,410,1401,1600,300,After Dark V3555,1805,https://www.intago.com.pl/adm/?a=produkty.produktWarianty&produkt=9290
9290,Roleta meblowa NOBLE MATT pionowa na wymiar zawijana na górze szafki z systemem C3 - DOCINAMY NA WYMIAR,1029,19,350,410,1601,1800,300,Boxcar Blonde V3610,1840,https://www.intago.com.pl/adm/?a=produkty.produktWarianty&produkt=9290
9290,Roleta meblowa NOBLE MATT pionowa na wymiar zawijana na górze szafki z systemem C3 - DOCINAMY NA WYMIAR,1030,20,350,410,1601,1800,300,Casa Blanca V3552,1840,https://www.intago.com.pl/adm/?a=produkty.produktWarianty&produkt=9290
9290,Roleta meblowa NOBLE MATT pionowa na wymiar zawijana na górze szafki z systemem C3 - DOCINAMY NA WYMIAR,1031,21,350,410,1601,1800,300,After Dark V3555,1840,https://www.intago.com.pl/adm/?a=produkty.produktWarianty&produkt=9290
9290,Roleta meblowa NOBLE MATT pionowa na wymiar zawijana na górze szafki z systemem C3 - DOCINAMY NA WYMIAR,1032,22,350,410,1801,2000,300,Boxcar Blonde V3610,1875,https://www.intago.com.pl/adm/?a=produkty.produktWarianty&produkt=9290
9290,Roleta meblowa NOBLE MATT pionowa na wymiar zawijana na górze szafki z systemem C3 - DOCINAMY NA WYMIAR,1033,23,350,410,1801,2000,300,Casa Blanca V3552,1875,https://www.intago.com.pl/adm/?a=produkty.produktWarianty&produkt=9290
9290,Roleta meblowa NOBLE MATT pionowa na wymiar zawijana na górze szafki z systemem C3 - DOCINAMY NA WYMIAR,1034,24,350,410,1801,2000,300,After Dark V3555,1875,https://www.intago.com.pl/adm/?a=produkty.produktWarianty&produkt=9290
9290,Roleta meblowa NOBLE MATT pionowa na wymiar zawijana na górze szafki z systemem C3 - DOCINAMY NA WYMIAR,1038,28,411,495,350,625,300,Boxcar Blonde V3610,1426,https://www.intago.com.pl/adm/?a=produkty.produktWarianty&produkt=9290
9290,Roleta meblowa NOBLE MATT pionowa na wymiar zawijana na górze szafki z systemem C3 - DOCINAMY NA WYMIAR,1039,29,411,495,350,625,300,Casa Blanca V3552,1426,https://www.intago.com.pl/adm/?a=produkty.produktWarianty&produkt=9290
9290,Roleta meblowa NOBLE MATT pionowa na wymiar zawijana na górze szafki z systemem C3 - DOCINAMY NA WYMIAR,1040,30,411,495,350,625,300,After Dark V3555,1426,https://www.intago.com.pl/adm/?a=produkty.produktWarianty&produkt=9290
9290,Roleta meblowa NOBLE MATT pionowa na wymiar zawijana na górze szafki z systemem C3 - DOCINAMY NA WYMIAR,1041,31,411,495,626,830,300,Boxcar Blonde V3610,1496,https://www.intago.com.pl/adm/?a=produkty.produktWarianty&produkt=9290
9290,Roleta meblowa NOBLE MATT pionowa na wymiar zawijana na górze szafki z systemem C3 - DOCINAMY NA WYMIAR,1042,32,411,495,626,830,300,Casa Blanca V3552,1496,https://www.intago.com.pl/adm/?a=produkty.produktWarianty&produkt=9290
9290,Roleta meblowa NOBLE MATT pionowa na wymiar zawijana na górze szafki z systemem C3 - DOCINAMY NA WYMIAR,1043,33,411,495,626,830,300,After Dark V3555,1496,https://www.intago.com.pl/adm/?a=produkty.produktWarianty&produkt=9290
9290,Roleta meblowa NOBLE MATT pionowa na wymiar zawijana na górze szafki z systemem C3 - DOCINAMY NA WYMIAR,1044,34,411,495,831,1050,300,Boxcar Blonde V3610,1531,https://www.intago.com.pl/adm/?a=produkty.produktWarianty&produkt=9290
9290,Roleta meblowa NOBLE MATT pionowa na wymiar zawijana na górze szafki z systemem C3 - DOCINAMY NA WYMIAR,1045,35,411,495,831,1050,300,Casa Blanca V3552,1531,https://www.intago.com.pl/adm/?a=produkty.produktWarianty&produkt=9290
9290,Roleta meblowa NOBLE MATT pionowa na wymiar zawijana na górze szafki z systemem C3 - DOCINAMY NA WYMIAR,1046,36,411,495,831,1050,300,After Dark V3555,1531,https://www.intago.com.pl/adm/?a=produkty.produktWarianty&produkt=9290
9290,Roleta meblowa NOBLE MATT pionowa na wymiar zawijana na górze szafki z systemem C3 - DOCINAMY NA WYMIAR,1047,37,411,495,1051,1240,300,Boxcar Blonde V3610,1796,https://www.intago.com.pl/adm/?a=produkty.produktWarianty&produkt=9290
9290,Roleta meblowa NOBLE MATT pionowa na wymiar zawijana na górze szafki z systemem C3 - DOCINAMY NA WYMIAR,1048,38,411,495,1051,1240,300,Casa Blanca V3552,1796,https://www.intago.com.pl/adm/?a=produkty.produktWarianty&produkt=9290
9290,Roleta meblowa NOBLE MATT pionowa na wymiar zawijana na górze szafki z systemem C3 - DOCINAMY NA WYMIAR,1049,39,411,495,1051,1240,300,After Dark V3555,1796,https://www.intago.com.pl/adm/?a=produkty.produktWarianty&produkt=9290
9290,Roleta meblowa NOBLE MATT pionowa na wymiar zawijana na górze szafki z systemem C3 - DOCINAMY NA WYMIAR,1050,40,411,495,1241,1400,300,Boxcar Blonde V3610,1831,https://www.intago.com.pl/adm/?a=produkty.produktWarianty&produkt=9290
9290,Roleta meblowa NOBLE MATT pionowa na wymiar zawijana na górze szafki z systemem C3 - DOCINAMY NA WYMIAR,1051,41,411,495,1241,1400,300,Casa Blanca V3552,1831,https://www.intago.com.pl/adm/?a=produkty.produktWarianty&produkt=9290
9290,Roleta meblowa NOBLE MATT pionowa na wymiar zawijana na górze szafki z systemem C3 - DOCINAMY NA WYMIAR,1052,42,411,495,1241,1400,300,After Dark V3555,1831,https://www.intago.com.pl/adm/?a=produkty.produktWarianty&produkt=9290
9290,Roleta meblowa NOBLE MATT pionowa na wymiar zawijana na górze szafki z systemem C3 - DOCINAMY NA WYMIAR,1053,43,411,495,1401,1600,300,Boxcar Blonde V3610,1901,https://www.intago.com.pl/adm/?a=produkty.produktWarianty&produkt=9290
9290,Roleta meblowa NOBLE MATT pionowa na wymiar zawijana na górze szafki z systemem C3 - DOCINAMY NA WYMIAR,1054,44,411,495,1401,1600,300,Casa Blanca V3552,1901,https://www.intago.com.pl/adm/?a=produkty.produktWarianty&produkt=9290
9290,Roleta meblowa NOBLE MATT pionowa na wymiar zawijana na górze szafki z systemem C3 - DOCINAMY NA WYMIAR,1055,45,411,495,1401,1600,300,After Dark V3555,1901,https://www.intago.com.pl/adm/?a=produkty.produktWarianty&produkt=9290
9290,Roleta meblowa NOBLE MATT pionowa na wymiar zawijana na górze szafki z systemem C3 - DOCINAMY NA WYMIAR,1056,46,411,495,1601,1800,300,Boxcar Blonde V3610,1936,https://www.intago.com.pl/adm/?a=produkty.produktWarianty&produkt=9290
9290,Roleta meblowa NOBLE MATT pionowa na wymiar zawijana na górze szafki z systemem C3 - DOCINAMY NA WYMIAR,1057,47,411,495,1601,1800,300,Casa Blanca V3552,1936,https://www.intago.com.pl/adm/?a=produkty.produktWarianty&produkt=9290
9290,Roleta meblowa NOBLE MATT pionowa na wymiar zawijana na górze szafki z systemem C3 - DOCINAMY NA WYMIAR,1058,48,411,495,1601,1800,300,After Dark V3555,1936,https://www.intago.com.pl/adm/?a=produkty.produktWarianty&produkt=9290
9290,Roleta meblowa NOBLE MATT pionowa na wymiar zawijana na górze szafki z systemem C3 - DOCINAMY NA WYMIAR,1059,49,411,495,1801,2000,300,Boxcar Blonde V3610,2006,https://www.intago.com.pl/adm/?a=produkty.produktWarianty&produkt=9290
9290,Roleta meblowa NOBLE MATT pionowa na wymiar zawijana na górze szafki z systemem C3 - DOCINAMY NA WYMIAR,1060,50,411,495,1801,2000,300,Casa Blanca V3552,2006,https://www.intago.com.pl/adm/?a=produkty.produktWarianty&produkt=9290
9290,Roleta meblowa NOBLE MATT pionowa na wymiar zawijana na górze szafki z systemem C3 - DOCINAMY NA WYMIAR,1061,51,411,495,1801,2000,300,After Dark V3555,2006,https://www.intago.com.pl/adm/?a=produkty.produktWarianty&produkt=9290
9290,Roleta meblowa NOBLE MATT pionowa na wymiar zawijana na górze szafki z systemem C3 - DOCINAMY NA WYMIAR,1065,55,496,620,350,625,300,Boxcar Blonde V3610,1460,https://www.intago.com.pl/adm/?a=produkty.produktWarianty&produkt=9290
9290,Roleta meblowa NOBLE MATT pionowa na wymiar zawijana na górze szafki z systemem C3 - DOCINAMY NA WYMIAR,1066,56,496,620,350,625,300,Casa Blanca V3552,1460,https://www.intago.com.pl/adm/?a=produkty.produktWarianty&produkt=9290
9290,Roleta meblowa NOBLE MATT pionowa na wymiar zawijana na górze szafki z systemem C3 - DOCINAMY NA WYMIAR,1067,57,496,620,350,625,300,After Dark V3555,1460,https://www.intago.com.pl/adm/?a=produkty.produktWarianty&produkt=9290
9290,Roleta meblowa NOBLE MATT pionowa na wymiar zawijana na górze szafki z systemem C3 - DOCINAMY NA WYMIAR,1068,58,496,620,626,830,300,Boxcar Blonde V3610,1611,https://www.intago.com.pl/adm/?a=produkty.produktWarianty&produkt=9290
9290,Roleta meblowa NOBLE MATT pionowa na wymiar zawijana na górze szafki z systemem C3 - DOCINAMY NA WYMIAR,1069,59,496,620,626,830,300,Casa Blanca V3552,1611,https://www.intago.com.pl/adm/?a=produkty.produktWarianty&produkt=9290
9290,Roleta meblowa NOBLE MATT pionowa na wymiar zawijana na górze szafki z systemem C3 - DOCINAMY NA WYMIAR,1070,60,496,620,626,830,300,After Dark V3555,1611,https://www.intago.com.pl/adm/?a=produkty.produktWarianty&produkt=9290
9290,Roleta meblowa NOBLE MATT pionowa na wymiar zawijana na górze szafki z systemem C3 - DOCINAMY NA WYMIAR,1071,61,496,620,831,1050,300,Boxcar Blonde V3610,1681,https://www.intago.com.pl/adm/?a=produkty.produktWarianty&produkt=9290
9290,Roleta meblowa NOBLE MATT pionowa na wymiar zawijana na górze szafki z systemem C3 - DOCINAMY NA WYMIAR,1072,62,496,620,831,1050,300,Casa Blanca V3552,1681,https://www.intago.com.pl/adm/?a=produkty.produktWarianty&produkt=9290
9290,Roleta meblowa NOBLE MATT pionowa na wymiar zawijana na górze szafki z systemem C3 - DOCINAMY NA WYMIAR,1073,63,496,620,831,1050,300,After Dark V3555,1681,https://www.intago.com.pl/adm/?a=produkty.produktWarianty&produkt=9290
9290,Roleta meblowa NOBLE MATT pionowa na wymiar zawijana na górze szafki z systemem C3 - DOCINAMY NA WYMIAR,1074,64,496,620,1051,1240,300,Boxcar Blonde V3610,1946,https://www.intago.com.pl/adm/?a=produkty.produktWarianty&produkt=9290
9290,Roleta meblowa NOBLE MATT pionowa na wymiar zawijana na górze szafki z systemem C3 - DOCINAMY NA WYMIAR,1075,65,496,620,1051,1240,300,Casa Blanca V3552,1946,https://www.intago.com.pl/adm/?a=produkty.produktWarianty&produkt=9290
9290,Roleta meblowa NOBLE MATT pionowa na wymiar zawijana na górze szafki z systemem C3 - DOCINAMY NA WYMIAR,1076,66,496,620,1051,1240,300,After Dark V3555,1946,https://www.intago.com.pl/adm/?a=produkty.produktWarianty&produkt=9290
9290,Roleta meblowa NOBLE MATT pionowa na wymiar zawijana na górze szafki z systemem C3 - DOCINAMY NA WYMIAR,1077,67,496,620,1241,1400,300,Boxcar Blonde V3610,2016,https://www.intago.com.pl/adm/?a=produkty.produktWarianty&produkt=9290
9290,Roleta meblowa NOBLE MATT pionowa na wymiar zawijana na górze szafki z systemem C3 - DOCINAMY NA WYMIAR,1078,68,496,620,1241,1400,300,Casa Blanca V3552,2016,https://www.intago.com.pl/adm/?a=produkty.produktWarianty&produkt=9290
9290,Roleta meblowa NOBLE MATT pionowa na wymiar zawijana na górze szafki z systemem C3 - DOCINAMY NA WYMIAR,1079,69,496,620,1241,1400,300,After Dark V3555,2016,https://www.intago.com.pl/adm/?a=produkty.produktWarianty&produkt=9290
9290,Roleta meblowa NOBLE MATT pionowa na wymiar zawijana na górze szafki z systemem C3 - DOCINAMY NA WYMIAR,1080,70,496,620,1401,1600,300,Boxcar Blonde V3610,2086,https://www.intago.com.pl/adm/?a=produkty.produktWarianty&produkt=9290
9290,Roleta meblowa NOBLE MATT pionowa na wymiar zawijana na górze szafki z systemem C3 - DOCINAMY NA WYMIAR,1081,71,496,620,1401,1600,300,Casa Blanca V3552,2086,https://www.intago.com.pl/adm/?a=produkty.produktWarianty&produkt=9290
9290,Roleta meblowa NOBLE MATT pionowa na wymiar zawijana na górze szafki z systemem C3 - DOCINAMY NA WYMIAR,1082,72,496,620,1401,1600,300,After Dark V3555,2086,https://www.intago.com.pl/adm/?a=produkty.produktWarianty&produkt=9290
9290,Roleta meblowa NOBLE MATT pionowa na wymiar zawijana na górze szafki z systemem C3 - DOCINAMY NA WYMIAR,1083,73,496,620,1601,1800,300,Boxcar Blonde V3610,2120,https://www.intago.com.pl/adm/?a=produkty.produktWarianty&produkt=9290
9290,Roleta meblowa NOBLE MATT pionowa na wymiar zawijana na górze szafki z systemem C3 - DOCINAMY NA WYMIAR,1084,74,496,620,1601,1800,300,Casa Blanca V3552,2120,https://www.intago.com.pl/adm/?a=produkty.produktWarianty&produkt=9290
9290,Roleta meblowa NOBLE MATT pionowa na wymiar zawijana na górze szafki z systemem C3 - DOCINAMY NA WYMIAR,1085,75,496,620,1601,1800,300,After Dark V3555,2120,https://www.intago.com.pl/adm/?a=produkty.produktWarianty&produkt=9290
9290,Roleta meblowa NOBLE MATT pionowa na wymiar zawijana na górze szafki z systemem C3 - DOCINAMY NA WYMIAR,1086,76,496,620,1801,2000,300,Boxcar Blonde V3610,2190,https://www.intago.com.pl/adm/?a=produkty.produktWarianty&produkt=9290
9290,Roleta meblowa NOBLE MATT pionowa na wymiar zawijana na górze szafki z systemem C3 - DOCINAMY NA WYMIAR,1087,77,496,620,1801,2000,300,Casa Blanca V3552,2190,https://www.intago.com.pl/adm/?a=produkty.produktWarianty&produkt=9290
9290,Roleta meblowa NOBLE MATT pionowa na wymiar zawijana na górze szafki z systemem C3 - DOCINAMY NA WYMIAR,1088,78,496,620,1801,2000,300,After Dark V3555,2190,https://www.intago.com.pl/adm/?a=produkty.produktWarianty&produkt=9290
9290,Roleta meblowa NOBLE MATT pionowa na wymiar zawijana na górze szafki z systemem C3 - DOCINAMY NA WYMIAR,1092,82,621,825,350,625,300,Boxcar Blonde V3610,1749,https://www.intago.com.pl/adm/?a=produkty.produktWarianty&produkt=9290
9290,Roleta meblowa NOBLE MATT pionowa na wymiar zawijana na górze szafki z systemem C3 - DOCINAMY NA WYMIAR,1093,83,621,825,350,625,300,Casa Blanca V3552,1749,https://www.intago.com.pl/adm/?a=produkty.produktWarianty&produkt=9290
9290,Roleta meblowa NOBLE MATT pionowa na wymiar zawijana na górze szafki z systemem C3 - DOCINAMY NA WYMIAR,1094,84,621,825,350,625,300,After Dark V3555,1749,https://www.intago.com.pl/adm/?a=produkty.produktWarianty&produkt=9290
9290,Roleta meblowa NOBLE MATT pionowa na wymiar zawijana na górze szafki z systemem C3 - DOCINAMY NA WYMIAR,1095,85,621,825,626,830,300,Boxcar Blonde V3610,1854,https://www.intago.com.pl/adm/?a=produkty.produktWarianty&produkt=9290
9290,Roleta meblowa NOBLE MATT pionowa na wymiar zawijana na górze szafki z systemem C3 - DOCINAMY NA WYMIAR,1096,86,621,825,626,830,300,Casa Blanca V3552,1854,https://www.intago.com.pl/adm/?a=produkty.produktWarianty&produkt=9290
9290,Roleta meblowa NOBLE MATT pionowa na wymiar zawijana na górze szafki z systemem C3 - DOCINAMY NA WYMIAR,1097,87,621,825,626,830,300,After Dark V3555,1854,https://www.intago.com.pl/adm/?a=produkty.produktWarianty&produkt=9290
9290,Roleta meblowa NOBLE MATT pionowa na wymiar zawijana na górze szafki z systemem C3 - DOCINAMY NA WYMIAR,1098,88,621,825,831,1050,300,Boxcar Blonde V3610,1959,https://www.intago.com.pl/adm/?a=produkty.produktWarianty&produkt=9290
9290,Roleta meblowa NOBLE MATT pionowa na wymiar zawijana na górze szafki z systemem C3 - DOCINAMY NA WYMIAR,1099,89,621,825,831,1050,300,Casa Blanca V3552,1959,https://www.intago.com.pl/adm/?a=produkty.produktWarianty&produkt=9290
9290,Roleta meblowa NOBLE MATT pionowa na wymiar zawijana na górze szafki z systemem C3 - DOCINAMY NA WYMIAR,1100,90,621,825,831,1050,300,After Dark V3555,1959,https://www.intago.com.pl/adm/?a=produkty.produktWarianty&produkt=9290
9290,Roleta meblowa NOBLE MATT pionowa na wymiar zawijana na górze szafki z systemem C3 - DOCINAMY NA WYMIAR,1101,91,621,825,1051,1240,300,Boxcar Blonde V3610,2224,https://www.intago.com.pl/adm/?a=produkty.produktWarianty&produkt=9290
9290,Roleta meblowa NOBLE MATT pionowa na wymiar zawijana na górze szafki z systemem C3 - DOCINAMY NA WYMIAR,1102,92,621,825,1051,1240,300,Casa Blanca V3552,2224,https://www.intago.com.pl/adm/?a=produkty.produktWarianty&produkt=9290
9290,Roleta meblowa NOBLE MATT pionowa na wymiar zawijana na górze szafki z systemem C3 - DOCINAMY NA WYMIAR,1103,93,621,825,1051,1240,300,After Dark V3555,2224,https://www.intago.com.pl/adm/?a=produkty.produktWarianty&produkt=9290
9290,Roleta meblowa NOBLE MATT pionowa na wymiar zawijana na górze szafki z systemem C3 - DOCINAMY NA WYMIAR,1104,94,621,825,1241,1400,300,Boxcar Blonde V3610,2293,https://www.intago.com.pl/adm/?a=produkty.produktWarianty&produkt=9290
9290,Roleta meblowa NOBLE MATT pionowa na wymiar zawijana na górze szafki z systemem C3 - DOCINAMY NA WYMIAR,1105,95,621,825,1241,1400,300,Casa Blanca V3552,2293,https://www.intago.com.pl/adm/?a=produkty.produktWarianty&produkt=9290
9290,Roleta meblowa NOBLE MATT pionowa na wymiar zawijana na górze szafki z systemem C3 - DOCINAMY NA WYMIAR,1106,96,621,825,1241,1400,300,After Dark V3555,2293,https://www.intago.com.pl/adm/?a=produkty.produktWarianty&produkt=9290
9290,Roleta meblowa NOBLE MATT pionowa na wymiar zawijana na górze szafki z systemem C3 - DOCINAMY NA WYMIAR,1107,97,621,825,1401,1600,300,Boxcar Blonde V3610,2398,https://www.intago.com.pl/adm/?a=produkty.produktWarianty&produkt=9290
9290,Roleta meblowa NOBLE MATT pionowa na wymiar zawijana na górze szafki z systemem C3 - DOCINAMY NA WYMIAR,1108,98,621,825,1401,1600,300,Casa Blanca V3552,2398,https://www.intago.com.pl/adm/?a=produkty.produktWarianty&produkt=9290
9290,Roleta meblowa NOBLE MATT pionowa na wymiar zawijana na górze szafki z systemem C3 - DOCINAMY NA WYMIAR,1109,99,621,825,1401,1600,300,After Dark V3555,2398,https://www.intago.com.pl/adm/?a=produkty.produktWarianty&produkt=9290
9290,Roleta meblowa NOBLE MATT pionowa na wymiar zawijana na górze szafki z systemem C3 - DOCINAMY NA WYMIAR,1110,100,621,825,1601,1800,300,Boxcar Blonde V3610,2468,https://www.intago.com.pl/adm/?a=produkty.produktWarianty&produkt=9290
9290,Roleta meblowa NOBLE MATT pionowa na wymiar zawijana na górze szafki z systemem C3 - DOCINAMY NA WYMIAR,1111,101,621,825,1601,1800,300,Casa Blanca V3552,2468,https://www.intago.com.pl/adm/?a=produkty.produktWarianty&produkt=9290
9290,Roleta meblowa NOBLE MATT pionowa na wymiar zawijana na górze szafki z systemem C3 - DOCINAMY NA WYMIAR,1112,102,621,825,1601,1800,300,After Dark V3555,2468,https://www.intago.com.pl/adm/?a=produkty.produktWarianty&produkt=9290
9290,Roleta meblowa NOBLE MATT pionowa na wymiar zawijana na górze szafki z systemem C3 - DOCINAMY NA WYMIAR,1113,103,621,825,1801,2000,300,Boxcar Blonde V3610,2573,https://www.intago.com.pl/adm/?a=produkty.produktWarianty&produkt=9290
9290,Roleta meblowa NOBLE MATT pionowa na wymiar zawijana na górze szafki z systemem C3 - DOCINAMY NA WYMIAR,1114,104,621,825,1801,2000,300,Casa Blanca V3552,2573,https://www.intago.com.pl/adm/?a=produkty.produktWarianty&produkt=9290
9290,Roleta meblowa NOBLE MATT pionowa na wymiar zawijana na górze szafki z systemem C3 - DOCINAMY NA WYMIAR,1115,105,621,825,1801,2000,300,After Dark V3555,2573,https://www.intago.com.pl/adm/?a=produkty.produktWarianty&produkt=9290
9290,Roleta meblowa NOBLE MATT pionowa na wymiar zawijana na górze szafki z systemem C3 - DOCINAMY NA WYMIAR,1116,106,621,825,2001,2200,300,Boxcar Blonde V3610,2643,https://www.intago.com.pl/adm/?a=produkty.produktWarianty&produkt=9290
9290,Roleta meblowa NOBLE MATT pionowa na wymiar zawijana na górze szafki z systemem C3 - DOCINAMY NA WYMIAR,1117,107,621,825,2001,2200,300,Casa Blanca V3552,2643,https://www.intago.com.pl/adm/?a=produkty.produktWarianty&produkt=9290
9290,Roleta meblowa NOBLE MATT pionowa na wymiar zawijana na górze szafki z systemem C3 - DOCINAMY NA WYMIAR,1118,108,621,825,2001,2200,300,After Dark V3555,2643,https://www.intago.com.pl/adm/?a=produkty.produktWarianty&produkt=9290
9290,Roleta meblowa NOBLE MATT pionowa na wymiar zawijana na górze szafki z systemem C3 - DOCINAMY NA WYMIAR,1119,109,826,1200,350,625,300,Boxcar Blonde V3610,2036,https://www.intago.com.pl/adm/?a=produkty.produktWarianty&produkt=9290
9290,Roleta meblowa NOBLE MATT pionowa na wymiar zawijana na górze szafki z systemem C3 - DOCINAMY NA WYMIAR,1120,110,826,1200,350,625,300,Casa Blanca V3552,2036,https://www.intago.com.pl/adm/?a=produkty.produktWarianty&produkt=9290
9290,Roleta meblowa NOBLE MATT pionowa na wymiar zawijana na górze szafki z systemem C3 - DOCINAMY NA WYMIAR,1121,111,826,1200,350,625,300,After Dark V3555,2036,https://www.intago.com.pl/adm/?a=produkty.produktWarianty&produkt=9290
9290,Roleta meblowa NOBLE MATT pionowa na wymiar zawijana na górze szafki z systemem C3 - DOCINAMY NA WYMIAR,1122,112,826,1200,626,830,300,Boxcar Blonde V3610,2175,https://www.intago.com.pl/adm/?a=produkty.produktWarianty&produkt=9290
9290,Roleta meblowa NOBLE MATT pionowa na wymiar zawijana na górze szafki z systemem C3 - DOCINAMY NA WYMIAR,1123,113,826,1200,626,830,300,Casa Blanca V3552,2175,https://www.intago.com.pl/adm/?a=produkty.produktWarianty&produkt=9290
9290,Roleta meblowa NOBLE MATT pionowa na wymiar zawijana na górze szafki z systemem C3 - DOCINAMY NA WYMIAR,1124,114,826,1200,626,830,300,After Dark V3555,2175,https://www.intago.com.pl/adm/?a=produkty.produktWarianty&produkt=9290
9290,Roleta meblowa NOBLE MATT pionowa na wymiar zawijana na górze szafki z systemem C3 - DOCINAMY NA WYMIAR,1125,115,826,1200,831,1050,300,Boxcar Blonde V3610,2315,https://www.intago.com.pl/adm/?a=produkty.produktWarianty&produkt=9290
9290,Roleta meblowa NOBLE MATT pionowa na wymiar zawijana na górze szafki z systemem C3 - DOCINAMY NA WYMIAR,1126,116,826,1200,831,1050,300,Casa Blanca V3552,2315,https://www.intago.com.pl/adm/?a=produkty.produktWarianty&produkt=9290
9290,Roleta meblowa NOBLE MATT pionowa na wymiar zawijana na górze szafki z systemem C3 - DOCINAMY NA WYMIAR,1127,117,826,1200,831,1050,300,After Dark V3555,2315,https://www.intago.com.pl/adm/?a=produkty.produktWarianty&produkt=9290
9290,Roleta meblowa NOBLE MATT pionowa na wymiar zawijana na górze szafki z systemem C3 - DOCINAMY NA WYMIAR,1128,118,826,1200,1051,1240,300,Boxcar Blonde V3610,2650,https://www.intago.com.pl/adm/?a=produkty.produktWarianty&produkt=9290
9290,Roleta meblowa NOBLE MATT pionowa na wymiar zawijana na górze szafki z systemem C3 - DOCINAMY NA WYMIAR,1129,119,826,1200,1051,1240,300,Casa Blanca V3552,2650,https://www.intago.com.pl/adm/?a=produkty.produktWarianty&produkt=9290
9290,Roleta meblowa NOBLE MATT pionowa na wymiar zawijana na górze szafki z systemem C3 - DOCINAMY NA WYMIAR,1130,120,826,1200,1051,1240,300,After Dark V3555,2650,https://www.intago.com.pl/adm/?a=produkty.produktWarianty&produkt=9290
9290,Roleta meblowa NOBLE MATT pionowa na wymiar zawijana na górze szafki z systemem C3 - DOCINAMY NA WYMIAR,1131,121,826,1200,1241,1400,300,Boxcar Blonde V3610,2755,https://www.intago.com.pl/adm/?a=produkty.produktWarianty&produkt=9290
9290,Roleta meblowa NOBLE MATT pionowa na wymiar zawijana na górze szafki z systemem C3 - DOCINAMY NA WYMIAR,1132,122,826,1200,1241,1400,300,Casa Blanca V3552,2755,https://www.intago.com.pl/adm/?a=produkty.produktWarianty&produkt=9290
9290,Roleta meblowa NOBLE MATT pionowa na wymiar zawijana na górze szafki z systemem C3 - DOCINAMY NA WYMIAR,1133,123,826,1200,1241,1400,300,After Dark V3555,2755,https://www.intago.com.pl/adm/?a=produkty.produktWarianty&produkt=9290
9290,Roleta meblowa NOBLE MATT pionowa na wymiar zawijana na górze szafki z systemem C3 - DOCINAMY NA WYMIAR,1134,124,826,1200,1401,1600,300,Boxcar Blonde V3610,2894,https://www.intago.com.pl/adm/?a=produkty.produktWarianty&produkt=9290
9290,Roleta meblowa NOBLE MATT pionowa na wymiar zawijana na górze szafki z systemem C3 - DOCINAMY NA WYMIAR,1135,125,826,1200,1401,1600,300,Casa Blanca V3552,2894,https://www.intago.com.pl/adm/?a=produkty.produktWarianty&produkt=9290
9290,Roleta meblowa NOBLE MATT pionowa na wymiar zawijana na górze szafki z systemem C3 - DOCINAMY NA WYMIAR,1136,126,826,1200,1401,1600,300,After Dark V3555,2894,https://www.intago.com.pl/adm/?a=produkty.produktWarianty&produkt=9290
9290,Roleta meblowa NOBLE MATT pionowa na wymiar zawijana na górze szafki z systemem C3 - DOCINAMY NA WYMIAR,1137,127,826,1200,1601,1800,300,Boxcar Blonde V3610,2999,https://www.intago.com.pl/adm/?a=produkty.produktWarianty&produkt=9290
9290,Roleta meblowa NOBLE MATT pionowa na wymiar zawijana na górze szafki z systemem C3 - DOCINAMY NA WYMIAR,1138,128,826,1200,1601,1800,300,Casa Blanca V3552,2999,https://www.intago.com.pl/adm/?a=produkty.produktWarianty&produkt=9290
9290,Roleta meblowa NOBLE MATT pionowa na wymiar zawijana na górze szafki z systemem C3 - DOCINAMY NA WYMIAR,1139,129,826,1200,1601,1800,300,After Dark V3555,2999,https://www.intago.com.pl/adm/?a=produkty.produktWarianty&produkt=9290
9290,Roleta meblowa NOBLE MATT pionowa na wymiar zawijana na górze szafki z systemem C3 - DOCINAMY NA WYMIAR,1140,130,826,1200,1801,2000,300,Boxcar Blonde V3610,3139,https://www.intago.com.pl/adm/?a=produkty.produktWarianty&produkt=9290
9290,Roleta meblowa NOBLE MATT pionowa na wymiar zawijana na górze szafki z systemem C3 - DOCINAMY NA WYMIAR,1141,131,826,1200,1801,2000,300,Casa Blanca V3552,3139,https://www.intago.com.pl/adm/?a=produkty.produktWarianty&produkt=9290
9290,Roleta meblowa NOBLE MATT pionowa na wymiar zawijana na górze szafki z systemem C3 - DOCINAMY NA WYMIAR,1142,132,826,1200,1801,2000,300,After Dark V3555,3139,https://www.intago.com.pl/adm/?a=produkty.produktWarianty&produkt=9290
9290,Roleta meblowa NOBLE MATT pionowa na wymiar zawijana na górze szafki z systemem C3 - DOCINAMY NA WYMIAR,1143,133,826,1200,2001,2200,300,Boxcar Blonde V3610,3278,https://www.intago.com.pl/adm/?a=produkty.produktWarianty&produkt=9290
9290,Roleta meblowa NOBLE MATT pionowa na wymiar zawijana na górze szafki z systemem C3 - DOCINAMY NA WYMIAR,1144,134,826,1200,2001,2200,300,Casa Blanca V3552,3278,https://www.intago.com.pl/adm/?a=produkty.produktWarianty&produkt=9290
9290,Roleta meblowa NOBLE MATT pionowa na wymiar zawijana na górze szafki z systemem C3 - DOCINAMY NA WYMIAR,1145,135,826,1200,2001,2200,300,After Dark V3555,3278,https://www.intago.com.pl/adm/?a=produkty.produktWarianty&produkt=9290
9291,Roleta meblowa NOBLE MATT pionowa na wymiar zawijana na plecy szafki z systemem C6 TOP - DOCINAMY NA WYMIAR,1146,1,100,349,300,420,,Boxcar Blonde V3610,511,https://www.intago.com.pl/adm/?a=produkty.produktWarianty&produkt=9291
9291,Roleta meblowa NOBLE MATT pionowa na wymiar zawijana na plecy szafki z systemem C6 TOP - DOCINAMY NA WYMIAR,1147,2,100,349,300,420,,Casa Blanca V3552,511,https://www.intago.com.pl/adm/?a=produkty.produktWarianty&produkt=9291
9291,Roleta meblowa NOBLE MATT pionowa na wymiar zawijana na plecy szafki z systemem C6 TOP - DOCINAMY NA WYMIAR,1148,3,100,349,300,420,,After Dark V3555,511,https://www.intago.com.pl/adm/?a=produkty.produktWarianty&produkt=9291
9291,Roleta meblowa NOBLE MATT pionowa na wymiar zawijana na plecy szafki z systemem C6 TOP - DOCINAMY NA WYMIAR,1149,4,100,349,421,500,,Boxcar Blonde V3610,536,https://www.intago.com.pl/adm/?a=produkty.produktWarianty&produkt=9291
9291,Roleta meblowa NOBLE MATT pionowa na wymiar zawijana na plecy szafki z systemem C6 TOP - DOCINAMY NA WYMIAR,1150,5,100,349,421,500,,Casa Blanca V3552,536,https://www.intago.com.pl/adm/?a=produkty.produktWarianty&produkt=9291
9291,Roleta meblowa NOBLE MATT pionowa na wymiar zawijana na plecy szafki z systemem C6 TOP - DOCINAMY NA WYMIAR,1151,6,100,349,421,500,,After Dark V3555,536,https://www.intago.com.pl/adm/?a=produkty.produktWarianty&produkt=9291
9291,Roleta meblowa NOBLE MATT pionowa na wymiar zawijana na plecy szafki z systemem C6 TOP - DOCINAMY NA WYMIAR,1152,7,100,349,501,625,,Boxcar Blonde V3610,586,https://www.intago.com.pl/adm/?a=produkty.produktWarianty&produkt=9291
9291,Roleta meblowa NOBLE MATT pionowa na wymiar zawijana na plecy szafki z systemem C6 TOP - DOCINAMY NA WYMIAR,1153,8,100,349,501,625,,Casa Blanca V3552,586,https://www.intago.com.pl/adm/?a=produkty.produktWarianty&produkt=9291
9291,Roleta meblowa NOBLE MATT pionowa na wymiar zawijana na plecy szafki z systemem C6 TOP - DOCINAMY NA WYMIAR,1154,9,100,349,501,625,,After Dark V3555,586,https://www.intago.com.pl/adm/?a=produkty.produktWarianty&produkt=9291
9291,Roleta meblowa NOBLE MATT pionowa na wymiar zawijana na plecy szafki z systemem C6 TOP - DOCINAMY NA WYMIAR,1155,10,100,349,626,830,,Boxcar Blonde V3610,746,https://www.intago.com.pl/adm/?a=produkty.produktWarianty&produkt=9291
9291,Roleta meblowa NOBLE MATT pionowa na wymiar zawijana na plecy szafki z systemem C6 TOP - DOCINAMY NA WYMIAR,1156,11,100,349,626,830,,Casa Blanca V3552,746,https://www.intago.com.pl/adm/?a=produkty.produktWarianty&produkt=9291
9291,Roleta meblowa NOBLE MATT pionowa na wymiar zawijana na plecy szafki z systemem C6 TOP - DOCINAMY NA WYMIAR,1157,12,100,349,626,830,,After Dark V3555,746,https://www.intago.com.pl/adm/?a=produkty.produktWarianty&produkt=9291
9291,Roleta meblowa NOBLE MATT pionowa na wymiar zawijana na plecy szafki z systemem C6 TOP - DOCINAMY NA WYMIAR,1158,13,100,349,831,1050,,Boxcar Blonde V3610,796,https://www.intago.com.pl/adm/?a=produkty.produktWarianty&produkt=9291
9291,Roleta meblowa NOBLE MATT pionowa na wymiar zawijana na plecy szafki z systemem C6 TOP - DOCINAMY NA WYMIAR,1159,14,100,349,831,1050,,Casa Blanca V3552,796,https://www.intago.com.pl/adm/?a=produkty.produktWarianty&produkt=9291
9291,Roleta meblowa NOBLE MATT pionowa na wymiar zawijana na plecy szafki z systemem C6 TOP - DOCINAMY NA WYMIAR,1160,15,100,349,831,1050,,After Dark V3555,796,https://www.intago.com.pl/adm/?a=produkty.produktWarianty&produkt=9291
9291,Roleta meblowa NOBLE MATT pionowa na wymiar zawijana na plecy szafki z systemem C6 TOP - DOCINAMY NA WYMIAR,1161,16,350,410,300,420,,Boxcar Blonde V3610,555,https://www.intago.com.pl/adm/?a=produkty.produktWarianty&produkt=9291
9291,Roleta meblowa NOBLE MATT pionowa na wymiar zawijana na plecy szafki z systemem C6 TOP - DOCINAMY NA WYMIAR,1162,17,350,410,300,420,,Casa Blanca V3552,555,https://www.intago.com.pl/adm/?a=produkty.produktWarianty&produkt=9291
9291,Roleta meblowa NOBLE MATT pionowa na wymiar zawijana na plecy szafki z systemem C6 TOP - DOCINAMY NA WYMIAR,1163,18,350,410,300,420,,After Dark V3555,555,https://www.intago.com.pl/adm/?a=produkty.produktWarianty&produkt=9291
9291,Roleta meblowa NOBLE MATT pionowa na wymiar zawijana na plecy szafki z systemem C6 TOP - DOCINAMY NA WYMIAR,1164,19,350,410,421,500,,Boxcar Blonde V3610,579,https://www.intago.com.pl/adm/?a=produkty.produktWarianty&produkt=9291
9291,Roleta meblowa NOBLE MATT pionowa na wymiar zawijana na plecy szafki z systemem C6 TOP - DOCINAMY NA WYMIAR,1165,20,350,410,421,500,,Casa Blanca V3552,579,https://www.intago.com.pl/adm/?a=produkty.produktWarianty&produkt=9291
9291,Roleta meblowa NOBLE MATT pionowa na wymiar zawijana na plecy szafki z systemem C6 TOP - DOCINAMY NA WYMIAR,1166,21,350,410,421,500,,After Dark V3555,579,https://www.intago.com.pl/adm/?a=produkty.produktWarianty&produkt=9291
9291,Roleta meblowa NOBLE MATT pionowa na wymiar zawijana na plecy szafki z systemem C6 TOP - DOCINAMY NA WYMIAR,1167,22,350,410,501,625,,Boxcar Blonde V3610,604,https://www.intago.com.pl/adm/?a=produkty.produktWarianty&produkt=9291
9291,Roleta meblowa NOBLE MATT pionowa na wymiar zawijana na plecy szafki z systemem C6 TOP - DOCINAMY NA WYMIAR,1168,23,350,410,501,625,,Casa Blanca V3552,604,https://www.intago.com.pl/adm/?a=produkty.produktWarianty&produkt=9291
9291,Roleta meblowa NOBLE MATT pionowa na wymiar zawijana na plecy szafki z systemem C6 TOP - DOCINAMY NA WYMIAR,1169,24,350,410,501,625,,After Dark V3555,604,https://www.intago.com.pl/adm/?a=produkty.produktWarianty&produkt=9291
9291,Roleta meblowa NOBLE MATT pionowa na wymiar zawijana na plecy szafki z systemem C6 TOP - DOCINAMY NA WYMIAR,1170,25,350,410,626,830,,Boxcar Blonde V3610,789,https://www.intago.com.pl/adm/?a=produkty.produktWarianty&produkt=9291
9291,Roleta meblowa NOBLE MATT pionowa na wymiar zawijana na plecy szafki z systemem C6 TOP - DOCINAMY NA WYMIAR,1171,26,350,410,626,830,,Casa Blanca V3552,789,https://www.intago.com.pl/adm/?a=produkty.produktWarianty&produkt=9291
9291,Roleta meblowa NOBLE MATT pionowa na wymiar zawijana na plecy szafki z systemem C6 TOP - DOCINAMY NA WYMIAR,1172,27,350,410,626,830,,After Dark V3555,789,https://www.intago.com.pl/adm/?a=produkty.produktWarianty&produkt=9291
9291,Roleta meblowa NOBLE MATT pionowa na wymiar zawijana na plecy szafki z systemem C6 TOP - DOCINAMY NA WYMIAR,1173,28,350,410,831,1050,,Boxcar Blonde V3610,974,https://www.intago.com.pl/adm/?a=produkty.produktWarianty&produkt=9291
9291,Roleta meblowa NOBLE MATT pionowa na wymiar zawijana na plecy szafki z systemem C6 TOP - DOCINAMY NA WYMIAR,1174,29,350,410,831,1050,,Casa Blanca V3552,974,https://www.intago.com.pl/adm/?a=produkty.produktWarianty&produkt=9291
9291,Roleta meblowa NOBLE MATT pionowa na wymiar zawijana na plecy szafki z systemem C6 TOP - DOCINAMY NA WYMIAR,1175,30,350,410,831,1050,,After Dark V3555,974,https://www.intago.com.pl/adm/?a=produkty.produktWarianty&produkt=9291
9291,Roleta meblowa NOBLE MATT pionowa na wymiar zawijana na plecy szafki z systemem C6 TOP - DOCINAMY NA WYMIAR,1176,31,411,495,300,420,,Boxcar Blonde V3610,597,https://www.intago.com.pl/adm/?a=produkty.produktWarianty&produkt=9291
9291,Roleta meblowa NOBLE MATT pionowa na wymiar zawijana na plecy szafki z systemem C6 TOP - DOCINAMY NA WYMIAR,1177,32,411,495,300,420,,Casa Blanca V3552,597,https://www.intago.com.pl/adm/?a=produkty.produktWarianty&produkt=9291
9291,Roleta meblowa NOBLE MATT pionowa na wymiar zawijana na plecy szafki z systemem C6 TOP - DOCINAMY NA WYMIAR,1178,33,411,495,300,420,,After Dark V3555,597,https://www.intago.com.pl/adm/?a=produkty.produktWarianty&produkt=9291
9291,Roleta meblowa NOBLE MATT pionowa na wymiar zawijana na plecy szafki z systemem C6 TOP - DOCINAMY NA WYMIAR,1179,34,411,495,421,500,,Boxcar Blonde V3610,622,https://www.intago.com.pl/adm/?a=produkty.produktWarianty&produkt=9291
9291,Roleta meblowa NOBLE MATT pionowa na wymiar zawijana na plecy szafki z systemem C6 TOP - DOCINAMY NA WYMIAR,1180,35,411,495,421,500,,Casa Blanca V3552,622,https://www.intago.com.pl/adm/?a=produkty.produktWarianty&produkt=9291
9291,Roleta meblowa NOBLE MATT pionowa na wymiar zawijana na plecy szafki z systemem C6 TOP - DOCINAMY NA WYMIAR,1181,36,411,495,421,500,,After Dark V3555,622,https://www.intago.com.pl/adm/?a=produkty.produktWarianty&produkt=9291
9291,Roleta meblowa NOBLE MATT pionowa na wymiar zawijana na plecy szafki z systemem C6 TOP - DOCINAMY NA WYMIAR,1182,37,411,495,501,625,,Boxcar Blonde V3610,672,https://www.intago.com.pl/adm/?a=produkty.produktWarianty&produkt=9291
9291,Roleta meblowa NOBLE MATT pionowa na wymiar zawijana na plecy szafki z systemem C6 TOP - DOCINAMY NA WYMIAR,1183,38,411,495,501,625,,Casa Blanca V3552,672,https://www.intago.com.pl/adm/?a=produkty.produktWarianty&produkt=9291
9291,Roleta meblowa NOBLE MATT pionowa na wymiar zawijana na plecy szafki z systemem C6 TOP - DOCINAMY NA WYMIAR,1184,39,411,495,501,625,,After Dark V3555,672,https://www.intago.com.pl/adm/?a=produkty.produktWarianty&produkt=9291
9291,Roleta meblowa NOBLE MATT pionowa na wymiar zawijana na plecy szafki z systemem C6 TOP - DOCINAMY NA WYMIAR,1185,40,411,495,626,830,,Boxcar Blonde V3610,857,https://www.intago.com.pl/adm/?a=produkty.produktWarianty&produkt=9291
9291,Roleta meblowa NOBLE MATT pionowa na wymiar zawijana na plecy szafki z systemem C6 TOP - DOCINAMY NA WYMIAR,1186,41,411,495,626,830,,Casa Blanca V3552,857,https://www.intago.com.pl/adm/?a=produkty.produktWarianty&produkt=9291
9291,Roleta meblowa NOBLE MATT pionowa na wymiar zawijana na plecy szafki z systemem C6 TOP - DOCINAMY NA WYMIAR,1187,42,411,495,626,830,,After Dark V3555,857,https://www.intago.com.pl/adm/?a=produkty.produktWarianty&produkt=9291
9291,Roleta meblowa NOBLE MATT pionowa na wymiar zawijana na plecy szafki z systemem C6 TOP - DOCINAMY NA WYMIAR,1188,43,411,495,831,1050,,Boxcar Blonde V3610,1041,https://www.intago.com.pl/adm/?a=produkty.produktWarianty&produkt=9291
9291,Roleta meblowa NOBLE MATT pionowa na wymiar zawijana na plecy szafki z systemem C6 TOP - DOCINAMY NA WYMIAR,1189,44,411,495,831,1050,,Casa Blanca V3552,1041,https://www.intago.com.pl/adm/?a=produkty.produktWarianty&produkt=9291
9291,Roleta meblowa NOBLE MATT pionowa na wymiar zawijana na plecy szafki z systemem C6 TOP - DOCINAMY NA WYMIAR,1190,45,411,495,831,1050,,After Dark V3555,1041,https://www.intago.com.pl/adm/?a=produkty.produktWarianty&produkt=9291
9291,Roleta meblowa NOBLE MATT pionowa na wymiar zawijana na plecy szafki z systemem C6 TOP - DOCINAMY NA WYMIAR,1191,46,496,620,300,420,,Boxcar Blonde V3610,640,https://www.intago.com.pl/adm/?a=produkty.produktWarianty&produkt=9291
9291,Roleta meblowa NOBLE MATT pionowa na wymiar zawijana na plecy szafki z systemem C6 TOP - DOCINAMY NA WYMIAR,1192,47,496,620,300,420,,Casa Blanca V3552,640,https://www.intago.com.pl/adm/?a=produkty.produktWarianty&produkt=9291
9291,Roleta meblowa NOBLE MATT pionowa na wymiar zawijana na plecy szafki z systemem C6 TOP - DOCINAMY NA WYMIAR,1193,48,496,620,300,420,,After Dark V3555,640,https://www.intago.com.pl/adm/?a=produkty.produktWarianty&produkt=9291
9291,Roleta meblowa NOBLE MATT pionowa na wymiar zawijana na plecy szafki z systemem C6 TOP - DOCINAMY NA WYMIAR,1194,49,496,620,421,500,,Boxcar Blonde V3610,690,https://www.intago.com.pl/adm/?a=produkty.produktWarianty&produkt=9291
9291,Roleta meblowa NOBLE MATT pionowa na wymiar zawijana na plecy szafki z systemem C6 TOP - DOCINAMY NA WYMIAR,1195,50,496,620,421,500,,Casa Blanca V3552,690,https://www.intago.com.pl/adm/?a=produkty.produktWarianty&produkt=9291
9291,Roleta meblowa NOBLE MATT pionowa na wymiar zawijana na plecy szafki z systemem C6 TOP - DOCINAMY NA WYMIAR,1196,51,496,620,421,500,,After Dark V3555,690,https://www.intago.com.pl/adm/?a=produkty.produktWarianty&produkt=9291
9291,Roleta meblowa NOBLE MATT pionowa na wymiar zawijana na plecy szafki z systemem C6 TOP - DOCINAMY NA WYMIAR,1197,52,496,620,501,625,,Boxcar Blonde V3610,740,https://www.intago.com.pl/adm/?a=produkty.produktWarianty&produkt=9291
9291,Roleta meblowa NOBLE MATT pionowa na wymiar zawijana na plecy szafki z systemem C6 TOP - DOCINAMY NA WYMIAR,1198,53,496,620,501,625,,Casa Blanca V3552,740,https://www.intago.com.pl/adm/?a=produkty.produktWarianty&produkt=9291
9291,Roleta meblowa NOBLE MATT pionowa na wymiar zawijana na plecy szafki z systemem C6 TOP - DOCINAMY NA WYMIAR,1199,54,496,620,501,625,,After Dark V3555,740,https://www.intago.com.pl/adm/?a=produkty.produktWarianty&produkt=9291
9291,Roleta meblowa NOBLE MATT pionowa na wymiar zawijana na plecy szafki z systemem C6 TOP - DOCINAMY NA WYMIAR,1200,55,496,620,626,830,,Boxcar Blonde V3610,906,https://www.intago.com.pl/adm/?a=produkty.produktWarianty&produkt=9291
9291,Roleta meblowa NOBLE MATT pionowa na wymiar zawijana na plecy szafki z systemem C6 TOP - DOCINAMY NA WYMIAR,1201,56,496,620,626,830,,Casa Blanca V3552,906,https://www.intago.com.pl/adm/?a=produkty.produktWarianty&produkt=9291
9291,Roleta meblowa NOBLE MATT pionowa na wymiar zawijana na plecy szafki z systemem C6 TOP - DOCINAMY NA WYMIAR,1202,57,496,620,626,830,,After Dark V3555,906,https://www.intago.com.pl/adm/?a=produkty.produktWarianty&produkt=9291
9291,Roleta meblowa NOBLE MATT pionowa na wymiar zawijana na plecy szafki z systemem C6 TOP - DOCINAMY NA WYMIAR,1203,58,496,620,831,1050,,Boxcar Blonde V3610,1159,https://www.intago.com.pl/adm/?a=produkty.produktWarianty&produkt=9291
9291,Roleta meblowa NOBLE MATT pionowa na wymiar zawijana na plecy szafki z systemem C6 TOP - DOCINAMY NA WYMIAR,1204,59,496,620,831,1050,,Casa Blanca V3552,1159,https://www.intago.com.pl/adm/?a=produkty.produktWarianty&produkt=9291
9291,Roleta meblowa NOBLE MATT pionowa na wymiar zawijana na plecy szafki z systemem C6 TOP - DOCINAMY NA WYMIAR,1205,60,496,620,831,1050,,After Dark V3555,1159,https://www.intago.com.pl/adm/?a=produkty.produktWarianty&produkt=9291
9291,Roleta meblowa NOBLE MATT pionowa na wymiar zawijana na plecy szafki z systemem C6 TOP - DOCINAMY NA WYMIAR,1206,61,621,825,300,420,,Boxcar Blonde V3610,751,https://www.intago.com.pl/adm/?a=produkty.produktWarianty&produkt=9291
9291,Roleta meblowa NOBLE MATT pionowa na wymiar zawijana na plecy szafki z systemem C6 TOP - DOCINAMY NA WYMIAR,1207,62,621,825,300,420,,Casa Blanca V3552,751,https://www.intago.com.pl/adm/?a=produkty.produktWarianty&produkt=9291
9291,Roleta meblowa NOBLE MATT pionowa na wymiar zawijana na plecy szafki z systemem C6 TOP - DOCINAMY NA WYMIAR,1208,63,621,825,300,420,,After Dark V3555,751,https://www.intago.com.pl/adm/?a=produkty.produktWarianty&produkt=9291
9291,Roleta meblowa NOBLE MATT pionowa na wymiar zawijana na plecy szafki z systemem C6 TOP - DOCINAMY NA WYMIAR,1209,64,621,825,421,500,,Boxcar Blonde V3610,801,https://www.intago.com.pl/adm/?a=produkty.produktWarianty&produkt=9291
9291,Roleta meblowa NOBLE MATT pionowa na wymiar zawijana na plecy szafki z systemem C6 TOP - DOCINAMY NA WYMIAR,1210,65,621,825,421,500,,Casa Blanca V3552,801,https://www.intago.com.pl/adm/?a=produkty.produktWarianty&produkt=9291
9291,Roleta meblowa NOBLE MATT pionowa na wymiar zawijana na plecy szafki z systemem C6 TOP - DOCINAMY NA WYMIAR,1211,66,621,825,421,500,,After Dark V3555,801,https://www.intago.com.pl/adm/?a=produkty.produktWarianty&produkt=9291
9291,Roleta meblowa NOBLE MATT pionowa na wymiar zawijana na plecy szafki z systemem C6 TOP - DOCINAMY NA WYMIAR,1212,67,621,825,501,625,,Boxcar Blonde V3610,876,https://www.intago.com.pl/adm/?a=produkty.produktWarianty&produkt=9291
9291,Roleta meblowa NOBLE MATT pionowa na wymiar zawijana na plecy szafki z systemem C6 TOP - DOCINAMY NA WYMIAR,1213,68,621,825,501,625,,Casa Blanca V3552,876,https://www.intago.com.pl/adm/?a=produkty.produktWarianty&produkt=9291
9291,Roleta meblowa NOBLE MATT pionowa na wymiar zawijana na plecy szafki z systemem C6 TOP - DOCINAMY NA WYMIAR,1214,69,621,825,501,625,,After Dark V3555,876,https://www.intago.com.pl/adm/?a=produkty.produktWarianty&produkt=9291
9291,Roleta meblowa NOBLE MATT pionowa na wymiar zawijana na plecy szafki z systemem C6 TOP - DOCINAMY NA WYMIAR,1215,70,621,825,626,830,,Boxcar Blonde V3610,1092,https://www.intago.com.pl/adm/?a=produkty.produktWarianty&produkt=9291
9291,Roleta meblowa NOBLE MATT pionowa na wymiar zawijana na plecy szafki z systemem C6 TOP - DOCINAMY NA WYMIAR,1216,71,621,825,626,830,,Casa Blanca V3552,1092,https://www.intago.com.pl/adm/?a=produkty.produktWarianty&produkt=9291
9291,Roleta meblowa NOBLE MATT pionowa na wymiar zawijana na plecy szafki z systemem C6 TOP - DOCINAMY NA WYMIAR,1217,72,621,825,626,830,,After Dark V3555,1092,https://www.intago.com.pl/adm/?a=produkty.produktWarianty&produkt=9291
9291,Roleta meblowa NOBLE MATT pionowa na wymiar zawijana na plecy szafki z systemem C6 TOP - DOCINAMY NA WYMIAR,1218,73,621,825,831,1050,,Boxcar Blonde V3610,1370,https://www.intago.com.pl/adm/?a=produkty.produktWarianty&produkt=9291
9291,Roleta meblowa NOBLE MATT pionowa na wymiar zawijana na plecy szafki z systemem C6 TOP - DOCINAMY NA WYMIAR,1219,74,621,825,831,1050,,Casa Blanca V3552,1370,https://www.intago.com.pl/adm/?a=produkty.produktWarianty&produkt=9291
9291,Roleta meblowa NOBLE MATT pionowa na wymiar zawijana na plecy szafki z systemem C6 TOP - DOCINAMY NA WYMIAR,1220,75,621,825,831,1050,,After Dark V3555,1370,https://www.intago.com.pl/adm/?a=produkty.produktWarianty&produkt=9291
9291,Roleta meblowa NOBLE MATT pionowa na wymiar zawijana na plecy szafki z systemem C6 TOP - DOCINAMY NA WYMIAR,1221,76,826,1200,300,420,,Boxcar Blonde V3610,930,https://www.intago.com.pl/adm/?a=produkty.produktWarianty&produkt=9291
9291,Roleta meblowa NOBLE MATT pionowa na wymiar zawijana na plecy szafki z systemem C6 TOP - DOCINAMY NA WYMIAR,1222,77,826,1200,300,420,,Casa Blanca V3552,930,https://www.intago.com.pl/adm/?a=produkty.produktWarianty&produkt=9291
9291,Roleta meblowa NOBLE MATT pionowa na wymiar zawijana na plecy szafki z systemem C6 TOP - DOCINAMY NA WYMIAR,1223,78,826,1200,300,420,,After Dark V3555,930,https://www.intago.com.pl/adm/?a=produkty.produktWarianty&produkt=9291
